Grade,Project,Case_ID,Primary_Diagnosis,Gender,Age_at_diagnosis,Race,IDH1,TP53,ATRX,PTEN,EGFR,CIC,MUC16,PIK3CA,NF1,PIK3R1,FUBP1,RB1,NOTCH1,BCOR,CSMD3,SMARCA4,GRIN2A,IDH2,FAT4,PDGFRA
LGG,TCGA-LGG,TCGA-DU-8164,"Oligodendroglioma, NOS",0,0.4925345824489496,0.0,1,0,0,0,0,0,0,1,0,0,1,0,0,0,0,0,0,0,0,0
LGG,TCGA-LGG,TCGA-QH-A6CY,Mixed glioma,0,0.32448949718217074,0.0,1,0,0,0,0,1,0,0,0,0,0,0,0,0,0,0,0,0,0,0
LGG,TCGA-LGG,TCGA-HW-A5KM,"Astrocytoma, NOS",0,0.2771353289907048,0.0,1,1,1,0,0,0,0,0,0,0,0,0,0,0,0,0,0,0,0,0
LGG,TCGA-LGG,TCGA-E1-A7YE,"Astrocytoma, anaplastic",1,0.2451511381102247,0.0,1,1,1,0,0,0,1,0,0,1,0,0,0,0,0,0,0,0,1,0
LGG,TCGA-LGG,TCGA-S9-A6WG,"Astrocytoma, anaplastic",0,0.22828075825221406,0.0,1,1,1,0,0,0,0,0,0,0,0,0,0,0,0,0,0,0,0,0
LGG,TCGA-LGG,TCGA-DB-A4X9,Mixed glioma,1,0.2510063675620289,0.0,1,0,1,0,0,0,0,0,0,0,0,0,0,0,0,0,0,0,0,0
LGG,TCGA-LGG,TCGA-P5-A5F4,"Oligodendroglioma, anaplastic",1,0.2773549000951475,0.0,1,1,0,0,0,0,0,0,0,0,0,0,0,0,0,0,0,0,0,0
LGG,TCGA-LGG,TCGA-FG-A4MY,Mixed glioma,1,0.40382785625411693,0.0,1,1,1,0,0,0,0,0,0,0,0,0,0,0,0,0,0,0,0,0
LGG,TCGA-LGG,TCGA-HT-A5R5,"Oligodendroglioma, NOS",1,0.2609602576300959,0.0,1,1,1,0,0,0,0,0,0,0,0,0,0,0,0,0,0,0,0,0
LGG,TCGA-LGG,TCGA-DU-A76K,"Oligodendroglioma, NOS",0,0.9694430212983971,0.0,0,0,0,0,0,0,0,0,0,0,0,0,0,0,0,0,0,0,0,0
LGG,TCGA-LGG,TCGA-QH-A6CV,Mixed glioma,0,0.5005855229451803,0.6666666666666666,0,0,0,0,0,0,0,0,0,0,0,0,0,0,0,0,0,0,0,0
LGG,TCGA-LGG,TCGA-FG-5962,"Oligodendroglioma, anaplastic",0,0.5321305716167752,0.0,1,0,0,0,0,1,0,1,0,1,0,0,1,0,0,0,0,0,0,0
LGG,TCGA-LGG,TCGA-DU-6402,"Astrocytoma, anaplastic",0,0.5097709141476983,0.0,0,0,0,1,0,0,0,0,1,0,0,0,0,0,0,0,0,0,1,0
LGG,TCGA-LGG,TCGA-DB-A75M,"Astrocytoma, NOS",0,0.43965454146234356,0.0,1,1,1,0,0,0,0,0,0,0,0,0,0,0,0,0,0,0,0,0
LGG,TCGA-LGG,TCGA-DB-A4XG,"Oligodendroglioma, anaplastic",0,0.266339749688941,0.0,0,0,0,0,0,0,0,0,1,0,0,0,1,0,0,0,0,1,0,0
LGG,TCGA-LGG,TCGA-DU-5851,Mixed glioma,1,0.3486789138549366,0.0,1,0,1,0,0,0,0,0,0,0,0,0,0,0,0,0,0,0,0,0
LGG,TCGA-LGG,TCGA-DB-A4XH,Mixed glioma,1,0.5281782917368074,0.0,1,0,0,0,0,0,0,0,0,0,0,0,0,0,0,0,0,0,0,0
LGG,TCGA-LGG,TCGA-HT-7874,"Oligodendroglioma, anaplastic",1,0.35757154358486426,0.0,1,0,0,0,0,0,0,1,0,0,0,0,0,0,0,0,0,0,0,0
LGG,TCGA-LGG,TCGA-DH-A66D,"Astrocytoma, anaplastic",1,0.3876161897094343,0.0,1,1,1,0,0,0,0,0,0,0,0,0,0,0,0,0,0,0,0,0
LGG,TCGA-LGG,TCGA-DU-5871,Mixed glioma,1,0.3073995462197175,0.0,1,1,1,0,0,0,0,0,0,0,0,0,0,0,0,0,0,0,0,0
LGG,TCGA-LGG,TCGA-FG-A60J,Mixed glioma,1,0.44148430066603234,0.0,1,1,0,0,0,0,0,0,0,0,0,0,0,0,0,0,0,0,0,0
LGG,TCGA-LGG,TCGA-E1-A7Z3,"Astrocytoma, NOS",1,0.22173022030300815,0.3333333333333333,1,1,1,0,0,0,0,0,0,0,0,0,0,0,0,0,0,0,0,0
LGG,TCGA-LGG,TCGA-DU-7011,Mixed glioma,0,0.1482836858669399,0.0,1,1,1,0,0,0,0,0,0,0,0,0,0,0,0,0,0,0,0,0
LGG,TCGA-LGG,TCGA-VW-A8FI,"Astrocytoma, anaplastic",0,0.7001024665154065,0.0,0,1,0,0,0,0,0,1,0,0,0,0,0,0,0,0,0,0,0,0
LGG,TCGA-LGG,TCGA-DU-A7TB,"Oligodendroglioma, NOS",0,0.5645173095220668,0.6666666666666666,0,0,0,0,0,0,0,0,0,1,0,0,0,0,0,0,0,0,0,0
LGG,TCGA-LGG,TCGA-HT-7856,"Oligodendroglioma, anaplastic",0,0.28811388421283757,0.0,0,0,0,0,0,0,0,1,0,0,0,0,0,0,0,0,0,1,0,0
LGG,TCGA-LGG,TCGA-TQ-A7RU,"Oligodendroglioma, NOS",0,0.5018663543877626,0.0,1,0,0,0,0,1,0,0,0,0,0,0,0,0,0,0,0,0,0,0
LGG,TCGA-LGG,TCGA-HW-7486,"Oligodendroglioma, NOS",0,0.3027519578423481,0.0,1,0,0,0,0,0,0,0,0,0,0,0,0,0,0,0,0,0,0,0
LGG,TCGA-LGG,TCGA-DU-6399,"Oligodendroglioma, NOS",0,0.5353509478152676,0.0,0,1,1,0,0,0,1,0,0,0,0,0,1,0,0,0,0,0,0,0
LGG,TCGA-LGG,TCGA-DU-A7TA,"Oligodendroglioma, NOS",0,0.23757593500695307,0.0,0,1,1,0,0,0,1,0,0,0,0,0,0,0,0,0,0,1,0,0
LGG,TCGA-LGG,TCGA-HT-A5RA,"Astrocytoma, anaplastic",1,0.6766083583400424,0.0,0,0,0,1,0,0,0,0,0,0,0,0,0,0,0,0,0,0,0,0
LGG,TCGA-LGG,TCGA-DB-5280,Mixed glioma,0,0.386518334187221,0.0,1,1,0,0,0,0,0,0,0,0,0,0,0,0,0,0,0,0,0,0
LGG,TCGA-LGG,TCGA-DU-6405,"Astrocytoma, anaplastic",1,0.49074141842933466,0.0,0,0,0,0,0,0,0,1,0,0,0,0,0,0,0,0,0,0,0,0
LGG,TCGA-LGG,TCGA-S9-A7J1,"Oligodendroglioma, NOS",0,0.3898119007538609,0.0,1,0,0,0,0,1,0,1,0,0,1,0,0,0,0,0,0,0,0,0
LGG,TCGA-LGG,TCGA-S9-A7J2,"Oligodendroglioma, anaplastic",0,0.14912537510063678,0.0,1,0,0,0,0,1,0,0,0,0,0,0,0,0,0,0,0,0,0,0
LGG,TCGA-LGG,TCGA-HW-7495,"Oligodendroglioma, NOS",1,0.40931713386518337,0.0,1,0,0,0,0,1,0,0,0,0,0,0,0,0,0,0,0,0,0,0
LGG,TCGA-LGG,TCGA-FG-A710,"Oligodendroglioma, NOS",1,0.4808241235453414,0.0,1,0,0,0,0,1,0,0,0,0,1,0,0,0,0,0,0,0,0,0
LGG,TCGA-LGG,TCGA-P5-A5ET,"Oligodendroglioma, NOS",0,0.1740832906389519,0.0,1,0,0,0,0,0,0,0,0,0,0,0,1,0,0,0,0,0,0,0
LGG,TCGA-LGG,TCGA-DU-7300,"Oligodendroglioma, anaplastic",1,0.5245187733294299,0.0,1,1,0,0,0,0,0,0,0,1,1,0,1,0,0,0,0,0,0,0
LGG,TCGA-LGG,TCGA-DU-A5TY,"Astrocytoma, anaplastic",1,0.4270657981409646,0.0,0,0,0,0,0,0,0,0,0,0,0,0,0,0,0,0,0,0,0,0
LGG,TCGA-LGG,TCGA-VM-A8CH,"Astrocytoma, NOS",1,0.13668301251555298,0.0,1,0,1,0,0,0,0,0,0,0,0,0,0,0,0,0,0,0,0,0
LGG,TCGA-LGG,TCGA-S9-A6WE,"Oligodendroglioma, NOS",0,0.26407084827636684,0.0,1,0,0,0,0,1,0,0,0,0,0,0,0,0,0,0,0,0,0,0
LGG,TCGA-LGG,TCGA-HT-7681,Mixed glioma,1,0.20196882090316914,0.0,0,0,0,0,0,1,0,0,0,0,0,0,0,0,0,0,0,1,0,0
LGG,TCGA-LGG,TCGA-KT-A7W1,"Astrocytoma, anaplastic",1,0.4129766522725609,0.0,0,0,0,0,1,0,0,1,0,0,0,0,0,0,0,0,1,0,0,0
LGG,TCGA-LGG,TCGA-FG-5964,"Oligodendroglioma, NOS",0,0.6388055331918319,0.0,1,0,0,1,0,1,0,0,0,0,0,0,0,0,0,0,0,0,0,0
LGG,TCGA-LGG,TCGA-S9-A6TX,"Oligodendroglioma, anaplastic",0,0.4299934128668667,0.0,1,0,0,0,0,1,0,0,0,0,1,0,0,0,0,0,0,0,0,0
LGG,TCGA-LGG,TCGA-P5-A5F2,"Astrocytoma, NOS",1,0.2972626802312815,0.0,1,1,1,0,0,0,0,0,0,0,0,0,1,0,0,0,0,0,0,0
LGG,TCGA-LGG,TCGA-DU-5874,"Oligodendroglioma, NOS",1,0.6429041938080946,0.0,1,0,0,0,0,0,0,0,0,0,0,0,0,0,0,0,0,0,0,0
LGG,TCGA-LGG,TCGA-DU-A5TT,"Oligodendroglioma, anaplastic",0,0.748188538388348,0.0,0,1,0,0,1,0,0,1,0,0,0,0,0,0,0,0,0,0,0,0
LGG,TCGA-LGG,TCGA-CS-5396,"Oligodendroglioma, anaplastic",1,0.5167971894898631,0.0,1,1,0,0,0,0,0,0,0,0,0,0,0,0,0,0,0,0,0,0
LGG,TCGA-LGG,TCGA-DU-7302,"Oligodendroglioma, anaplastic",1,0.45304837883334553,0.0,1,0,0,0,0,1,0,0,0,0,0,0,0,1,0,0,0,0,0,0
LGG,TCGA-LGG,TCGA-S9-A6TW,"Oligodendroglioma, anaplastic",0,0.3441777062138622,0.0,1,0,0,1,0,1,0,1,0,0,0,0,0,0,0,0,0,0,0,0
LGG,TCGA-LGG,TCGA-RY-A845,Mixed glioma,1,0.3419088048012881,0.0,1,1,0,0,0,0,1,0,0,0,0,0,0,0,0,0,0,0,0,0
LGG,TCGA-LGG,TCGA-HT-A61A,"Oligodendroglioma, NOS",1,0.0876454658566933,0.0,0,0,0,0,0,0,0,0,0,0,0,0,0,0,0,0,0,0,0,0
LGG,TCGA-LGG,TCGA-DU-7018,"Oligodendroglioma, anaplastic",1,0.5760447925053063,0.0,1,0,0,0,0,1,0,1,0,0,0,0,1,0,0,1,0,0,0,0
LGG,TCGA-LGG,TCGA-HW-7489,Mixed glioma,0,0.3267218034106712,0.0,1,0,1,0,0,0,0,0,0,0,0,0,0,0,0,0,0,0,0,0
LGG,TCGA-LGG,TCGA-R8-A6ML,"Oligodendroglioma, anaplastic",0,0.5089658200980751,0.0,1,0,0,0,0,1,0,0,0,0,0,0,1,0,0,0,0,0,0,0
LGG,TCGA-LGG,TCGA-DH-5144,"Oligodendroglioma, anaplastic",1,0.5591744126472957,0.0,1,0,1,0,0,1,0,0,0,0,1,0,1,0,0,0,0,0,0,0
LGG,TCGA-LGG,TCGA-DU-7013,"Astrocytoma, anaplastic",0,0.6055039156846957,0.0,0,1,0,0,0,0,0,0,0,0,0,0,0,0,0,0,0,0,0,0
LGG,TCGA-LGG,TCGA-CS-4941,"Astrocytoma, anaplastic",0,0.706213862255727,0.0,0,0,0,0,0,0,0,0,0,0,0,0,0,0,0,0,0,0,0,0
LGG,TCGA-LGG,TCGA-WY-A85E,Mixed glioma,1,0.46117250969772366,0.0,1,1,1,0,0,0,1,1,0,0,0,0,0,0,0,0,0,0,0,0
LGG,TCGA-LGG,TCGA-DH-A7UR,"Oligodendroglioma, anaplastic",1,0.6047354168191466,0.0,0,0,0,0,0,1,0,0,0,0,1,0,0,0,0,0,0,1,1,0
LGG,TCGA-LGG,TCGA-HT-7689,"Oligodendroglioma, NOS",1,0.5874624899363243,0.0,1,1,1,0,0,0,1,0,0,0,0,0,0,0,0,0,0,0,1,0
LGG,TCGA-LGG,TCGA-S9-A7R7,"Astrocytoma, NOS",0,0.17704750054892776,0.0,1,1,1,0,0,0,0,1,0,0,0,0,0,1,0,0,0,0,0,0
LGG,TCGA-LGG,TCGA-HT-A619,"Oligodendroglioma, anaplastic",1,0.4969991949059504,0.6666666666666666,1,0,0,0,0,1,1,0,0,0,0,0,0,0,0,0,0,0,0,0
LGG,TCGA-LGG,TCGA-DU-7012,"Astrocytoma, anaplastic",1,0.796201419893142,0.3333333333333333,0,0,0,1,1,0,0,0,0,0,0,0,0,0,0,0,0,0,0,0
LGG,TCGA-LGG,TCGA-S9-A6UB,"Oligodendroglioma, NOS",0,0.5103564370928786,0.0,1,0,0,0,0,1,0,0,0,0,0,0,0,0,0,0,0,0,0,0
LGG,TCGA-LGG,TCGA-DB-5281,Mixed glioma,0,0.624423625850838,0.0,1,1,1,0,0,0,1,0,0,0,0,0,0,0,0,0,0,0,0,0
LGG,TCGA-LGG,TCGA-QH-A6CX,"Astrocytoma, NOS",0,0.6942838322476763,0.0,0,0,0,1,1,0,1,0,1,0,0,0,0,0,0,0,0,0,0,0
LGG,TCGA-LGG,TCGA-E1-5318,"Oligodendroglioma, NOS",1,0.36953816877698903,0.0,0,0,0,0,0,1,0,0,0,0,0,0,0,1,0,0,0,1,0,0
LGG,TCGA-LGG,TCGA-S9-A6U2,"Oligodendroglioma, NOS",1,0.45831808533996926,0.0,1,0,0,0,0,1,0,1,0,0,0,0,0,0,0,0,0,0,0,0
LGG,TCGA-LGG,TCGA-HT-A74J,Mixed glioma,0,0.26059430578935816,0.0,1,1,1,0,0,0,0,0,0,0,0,0,0,0,0,0,0,0,0,0
LGG,TCGA-LGG,TCGA-WY-A859,"Astrocytoma, NOS",1,0.2693039595989168,0.0,1,1,0,0,0,0,1,0,0,0,0,0,0,0,0,0,0,0,0,0
LGG,TCGA-LGG,TCGA-HT-A5RB,"Astrocytoma, NOS",0,0.12991290346190437,0.0,1,1,0,0,0,0,1,0,0,0,0,0,0,0,0,0,0,0,0,0
LGG,TCGA-LGG,TCGA-DU-8168,"Oligodendroglioma, anaplastic",1,0.5437678401522359,0.0,1,0,0,0,0,1,1,1,0,0,1,0,1,0,0,0,0,0,0,0
LGG,TCGA-LGG,TCGA-QH-A6X3,Mixed glioma,0,0.17982873453853482,0.0,1,1,0,0,0,0,0,0,0,0,0,0,0,0,0,0,0,0,0,0
LGG,TCGA-LGG,TCGA-DU-5853,Mixed glioma,0,0.19589402034692233,0.0,1,1,1,0,0,0,1,0,0,0,0,0,0,0,0,0,0,0,0,0
LGG,TCGA-LGG,TCGA-CS-6667,"Astrocytoma, NOS",1,0.3330893654395081,0.0,1,1,0,0,0,0,0,0,0,0,0,0,0,0,0,0,0,0,1,0
LGG,TCGA-LGG,TCGA-S9-A89V,"Astrocytoma, anaplastic",0,0.742479689672839,0.0,0,0,1,0,0,0,0,0,1,0,0,0,0,0,0,0,0,0,0,0
LGG,TCGA-LGG,TCGA-HT-8012,"Oligodendroglioma, NOS",1,0.22044938886042603,0.0,1,0,0,0,0,1,0,0,0,0,0,0,1,0,0,0,0,0,0,0
LGG,TCGA-LGG,TCGA-S9-A7IY,Mixed glioma,0,0.3348093390909757,0.0,1,0,0,0,0,1,0,0,0,1,1,0,0,0,0,0,0,0,0,0
LGG,TCGA-LGG,TCGA-TQ-A7RS,"Oligodendroglioma, NOS",1,0.14279440825587353,0.0,1,0,0,0,0,1,0,0,0,0,0,0,0,0,0,0,0,0,0,1
LGG,TCGA-LGG,TCGA-QH-A6XC,"Astrocytoma, anaplastic",0,0.45436580546000144,0.0,0,0,0,0,1,0,0,0,0,0,0,0,0,0,0,0,0,0,0,0
LGG,TCGA-LGG,TCGA-CS-6668,"Oligodendroglioma, NOS",1,0.5693478738198052,0.0,1,0,0,0,0,1,0,0,0,0,0,0,0,0,0,0,0,0,0,0
LGG,TCGA-LGG,TCGA-DB-5277,"Astrocytoma, anaplastic",0,0.27274390690185174,0.0,1,1,0,0,0,0,0,0,0,0,0,0,0,0,0,0,0,0,0,0
LGG,TCGA-LGG,TCGA-CS-6186,Mixed glioma,0,0.5870965380955866,0.0,0,0,0,0,0,0,0,0,0,0,0,0,0,0,0,0,0,0,0,0
LGG,TCGA-LGG,TCGA-HT-A4DS,"Astrocytoma, anaplastic",1,0.5496230696040401,0.0,0,1,0,0,0,0,0,0,1,0,0,0,0,0,0,0,0,0,0,0
LGG,TCGA-LGG,TCGA-DU-8165,"Oligodendroglioma, NOS",1,0.6105906462709507,0.0,0,1,0,0,0,0,0,1,0,0,0,0,0,0,0,0,0,0,0,0
LGG,TCGA-LGG,TCGA-HT-7605,"Oligodendroglioma, NOS",0,0.31541389153187444,0.0,1,0,0,0,0,0,0,0,0,0,0,0,0,0,0,0,0,0,0,0
LGG,TCGA-LGG,TCGA-DU-6410,"Oligodendroglioma, anaplastic",0,0.5595037693039595,0.0,1,0,0,0,0,0,0,0,0,0,0,0,0,0,0,0,0,0,0,0
LGG,TCGA-LGG,TCGA-RY-A83Z,"Astrocytoma, anaplastic",1,0.5352411622630462,0.0,1,1,1,0,0,0,0,0,0,0,0,0,0,0,0,0,0,0,0,0
LGG,TCGA-LGG,TCGA-HW-8321,"Astrocytoma, NOS",0,0.22699992680963188,0.0,1,1,0,0,0,0,0,0,0,0,0,0,0,0,0,0,0,0,0,0
LGG,TCGA-LGG,TCGA-S9-A7QW,"Astrocytoma, anaplastic",1,0.5339969260045379,0.0,1,1,1,0,0,0,0,0,0,0,0,0,0,0,0,0,0,0,0,0
LGG,TCGA-LGG,TCGA-S9-A6WL,"Astrocytoma, anaplastic",0,0.51075898411769,0.0,1,0,0,0,0,0,0,0,0,0,0,0,0,1,0,0,0,0,0,0
LGG,TCGA-LGG,TCGA-DU-A5TW,"Astrocytoma, anaplastic",1,0.2501280831442582,0.3333333333333333,1,1,1,0,0,0,1,0,0,0,0,0,0,0,0,0,0,0,0,0
LGG,TCGA-LGG,TCGA-HW-A5KL,"Astrocytoma, NOS",1,0.37469808973139135,0.0,1,1,1,0,0,0,0,0,0,0,0,0,0,0,0,0,0,0,0,0
LGG,TCGA-LGG,TCGA-WY-A85A,"Astrocytoma, NOS",0,0.07725243357974099,0.0,0,0,1,0,0,0,0,0,0,0,0,0,0,0,0,1,0,0,0,0
LGG,TCGA-LGG,TCGA-P5-A72Z,"Oligodendroglioma, anaplastic",1,0.6661055405108687,0.0,1,0,0,0,0,1,0,0,0,0,0,0,0,0,0,0,0,0,0,0
LGG,TCGA-LGG,TCGA-DU-8163,Mixed glioma,0,0.2032130571616776,0.0,1,1,1,0,0,0,0,0,0,0,0,0,0,0,0,0,0,0,0,0
LGG,TCGA-LGG,TCGA-DB-5275,Mixed glioma,0,0.2963478006294372,0.0,1,1,1,0,0,0,1,0,0,0,0,0,0,0,0,0,0,0,0,0
LGG,TCGA-LGG,TCGA-FG-8187,Mixed glioma,0,0.23468491546512477,0.0,1,0,0,0,0,0,0,0,0,0,0,0,0,0,0,0,0,0,0,0
LGG,TCGA-LGG,TCGA-P5-A5EU,"Astrocytoma, anaplastic",0,0.2773549000951475,0.0,1,1,1,0,0,0,0,0,0,1,0,0,0,0,0,0,0,0,0,0
LGG,TCGA-LGG,TCGA-HT-7478,"Astrocytoma, NOS",0,0.2906755470980019,0.0,1,1,1,0,0,0,0,1,0,0,0,0,0,0,0,0,0,0,0,0
LGG,TCGA-LGG,TCGA-QH-A65S,Mixed glioma,1,0.24112566786210937,0.0,0,1,1,0,0,0,0,0,0,0,0,0,0,0,0,0,0,0,0,0
LGG,TCGA-LGG,TCGA-HT-7881,"Oligodendroglioma, NOS",0,0.3256239478884579,0.3333333333333333,1,0,0,0,0,0,0,0,0,0,0,0,0,0,0,0,0,0,0,0
LGG,TCGA-LGG,TCGA-TQ-A7RO,Mixed glioma,0,0.20562833931054675,0.3333333333333333,0,0,0,0,0,1,0,1,0,0,0,0,0,0,0,0,0,1,0,0
LGG,TCGA-LGG,TCGA-FG-8188,Mixed glioma,0,0.35779111468930686,0.0,1,1,1,0,0,0,0,0,0,1,0,0,0,0,0,0,0,0,0,0
LGG,TCGA-LGG,TCGA-FG-8182,"Oligodendroglioma, NOS",0,0.2817829173680743,0.0,1,1,1,0,0,0,1,0,0,0,0,0,0,0,0,0,0,0,0,0
LGG,TCGA-LGG,TCGA-HT-A5R7,"Astrocytoma, anaplastic",1,0.24957915538315162,0.0,1,0,1,0,0,0,0,0,0,0,0,0,0,0,0,0,1,0,0,0
LGG,TCGA-LGG,TCGA-DB-5276,Mixed glioma,0,0.23662446022103495,0.0,1,1,1,0,0,0,0,0,0,0,0,0,0,1,0,0,0,0,0,0
LGG,TCGA-LGG,TCGA-HT-8113,"Oligodendroglioma, NOS",1,0.47196808899948767,0.3333333333333333,0,0,0,0,0,0,0,0,0,0,0,0,0,0,0,0,0,1,0,0
LGG,TCGA-LGG,TCGA-S9-A7R2,"Astrocytoma, anaplastic",0,0.7369538168776988,0.0,0,0,0,0,1,0,0,0,0,0,0,0,0,0,0,0,0,0,0,0
LGG,TCGA-LGG,TCGA-HT-7483,Mixed glioma,0,0.0,0.0,1,1,0,0,0,0,0,0,0,0,0,0,0,0,0,0,0,0,0,0
LGG,TCGA-LGG,TCGA-S9-A7IS,"Astrocytoma, anaplastic",1,0.26092366244602205,0.0,1,0,1,0,0,0,0,0,0,0,0,0,0,0,0,0,0,0,0,1
LGG,TCGA-LGG,TCGA-QH-A6X4,Mixed glioma,0,0.4385200907560564,0.0,1,0,0,0,0,1,0,0,0,0,1,0,0,0,0,0,0,0,0,0
LGG,TCGA-LGG,TCGA-DU-A5TP,"Astrocytoma, anaplastic",0,0.2502744638805533,0.0,1,1,1,0,0,0,0,0,0,0,0,0,0,0,0,0,0,0,0,0
LGG,TCGA-LGG,TCGA-FG-6692,"Oligodendroglioma, anaplastic",0,0.6621898558149746,0.0,0,0,0,1,1,0,0,0,0,0,0,0,0,0,0,0,0,0,0,0
LGG,TCGA-LGG,TCGA-HT-A74H,"Astrocytoma, anaplastic",0,0.643013979360316,0.0,0,0,0,0,0,0,0,0,0,1,0,0,0,0,1,0,0,0,1,0
LGG,TCGA-LGG,TCGA-DU-A6S2,"Oligodendroglioma, NOS",1,0.30461831223011054,0.3333333333333333,1,0,0,0,0,1,0,0,0,0,1,0,0,0,0,0,0,0,0,0
LGG,TCGA-LGG,TCGA-DU-6394,"Oligodendroglioma, anaplastic",0,0.5219937056283392,0.0,1,0,0,0,0,0,0,0,1,1,1,0,1,0,0,0,0,0,0,0
LGG,TCGA-LGG,TCGA-R8-A6MO,"Oligodendroglioma, NOS",1,0.5180048305642977,0.6666666666666666,1,0,0,0,0,1,0,1,0,0,0,0,0,0,0,0,0,0,0,0
LGG,TCGA-LGG,TCGA-S9-A7IQ,Mixed glioma,1,0.4112200834370196,0.0,1,0,0,0,0,0,0,0,0,0,0,0,0,0,0,0,0,0,0,0
LGG,TCGA-LGG,TCGA-FG-8189,"Oligodendroglioma, NOS",1,0.2602649491326941,0.0,0,0,0,0,0,0,0,0,0,0,0,0,0,0,0,0,0,1,0,0
LGG,TCGA-LGG,TCGA-FG-A70Z,Mixed glioma,1,0.5284344580253237,0.3333333333333333,0,0,0,0,1,0,0,0,0,0,0,0,0,0,0,0,0,0,0,0
LGG,TCGA-LGG,TCGA-HT-7474,Mixed glioma,0,0.5076483934714191,0.0,1,1,1,0,0,0,0,0,0,0,0,0,0,0,0,0,0,0,0,0
LGG,TCGA-LGG,TCGA-HT-8010,"Oligodendroglioma, NOS",1,0.6733513869574763,0.0,1,0,0,0,0,1,0,0,1,0,0,0,0,0,0,0,0,0,0,0
LGG,TCGA-LGG,TCGA-P5-A72U,"Oligodendroglioma, anaplastic",1,0.75828880919271,0.0,0,0,0,0,0,0,0,0,0,0,0,0,0,0,0,0,0,1,0,0
LGG,TCGA-LGG,TCGA-HT-8018,Mixed glioma,1,0.3526311937349044,0.0,1,1,1,0,0,0,0,0,0,0,0,0,0,0,0,0,0,0,0,0
LGG,TCGA-LGG,TCGA-HW-8320,"Astrocytoma, anaplastic",0,0.30117836492717553,0.0,1,1,1,0,0,0,0,0,0,0,0,0,0,0,0,0,0,0,0,0
LGG,TCGA-LGG,TCGA-DU-6542,Mixed glioma,0,0.15040620654321896,0.0,1,1,0,0,0,0,0,0,0,0,0,0,0,0,0,0,0,0,0,0
LGG,TCGA-LGG,TCGA-E1-A7YN,"Astrocytoma, anaplastic",1,0.6550903901046623,0.0,0,0,0,0,0,0,0,0,0,0,0,0,0,0,0,0,0,0,0,0
LGG,TCGA-LGG,TCGA-CS-5394,"Astrocytoma, anaplastic",0,0.35299714557564216,0.0,1,0,0,0,0,1,0,0,0,1,1,0,0,0,0,0,0,0,0,0
LGG,TCGA-LGG,TCGA-FG-A4MX,"Astrocytoma, NOS",0,0.44302129839713084,0.0,1,1,1,0,0,0,0,0,0,0,0,0,0,0,0,0,0,0,0,0
LGG,TCGA-LGG,TCGA-S9-A6WH,Mixed glioma,1,0.7912610700431821,0.0,1,0,0,0,0,1,0,0,0,0,0,0,0,0,0,0,0,0,0,0
LGG,TCGA-LGG,TCGA-WY-A85B,"Astrocytoma, NOS",0,0.12980311790968307,0.0,1,1,1,0,0,0,0,0,0,0,0,0,0,0,0,0,0,0,0,0
LGG,TCGA-LGG,TCGA-S9-A7IZ,"Astrocytoma, anaplastic",1,0.46102612896142864,0.0,1,0,1,0,0,0,0,0,0,0,0,0,0,0,0,0,0,0,0,0
LGG,TCGA-LGG,TCGA-S9-A7QZ,"Oligodendroglioma, NOS",0,0.3669033155236771,0.0,1,1,0,0,0,1,0,0,0,0,1,0,0,0,0,0,0,0,0,0
LGG,TCGA-LGG,TCGA-DB-A75L,"Astrocytoma, anaplastic",1,0.2951401595550025,0.0,1,0,0,0,0,0,0,0,0,0,0,0,1,0,0,0,0,0,0,0
LGG,TCGA-LGG,TCGA-E1-A7YO,"Oligodendroglioma, anaplastic",0,0.42066164092805386,0.0,1,0,0,0,0,1,0,0,0,0,1,0,0,0,0,0,0,0,0,0
LGG,TCGA-LGG,TCGA-P5-A5EZ,"Astrocytoma, anaplastic",0,0.3330893654395081,0.0,1,1,0,0,0,0,1,0,0,0,0,0,0,0,0,0,0,0,0,0
LGG,TCGA-LGG,TCGA-S9-A7R8,"Astrocytoma, anaplastic",1,0.40254702481153476,0.0,1,1,1,0,0,0,0,0,0,0,0,0,0,0,0,0,0,0,0,0
LGG,TCGA-LGG,TCGA-E1-A7YY,"Oligodendroglioma, NOS",1,0.16822806118714778,0.0,1,0,0,0,0,1,0,0,0,0,0,0,0,0,0,0,0,0,0,0
LGG,TCGA-LGG,TCGA-HT-7604,"Astrocytoma, NOS",0,0.4818487886994071,0.3333333333333333,1,1,1,0,0,0,1,0,0,0,0,0,0,0,0,0,0,0,0,0
LGG,TCGA-LGG,TCGA-E1-5304,"Astrocytoma, anaplastic",0,0.37352704384103047,0.0,1,1,1,0,0,0,0,0,0,0,0,0,0,0,1,0,0,0,0,0
LGG,TCGA-LGG,TCGA-S9-A89Z,"Astrocytoma, anaplastic",0,0.3507282441630683,0.0,1,1,0,0,0,0,1,0,0,0,0,0,0,0,0,0,0,0,1,0
LGG,TCGA-LGG,TCGA-E1-5307,"Astrocytoma, anaplastic",1,0.6425382419673571,0.0,1,1,1,0,0,0,0,0,0,0,0,0,0,0,0,0,0,0,0,0
LGG,TCGA-LGG,TCGA-FG-A711,"Oligodendroglioma, NOS",1,0.2552880040986606,0.0,1,1,1,0,0,0,0,0,0,0,0,0,0,0,0,0,0,0,0,0
LGG,TCGA-LGG,TCGA-TM-A84R,"Oligodendroglioma, NOS",0,0.4233330893654395,0.0,0,0,0,0,0,0,0,0,0,0,0,0,0,0,0,0,0,1,0,0
LGG,TCGA-LGG,TCGA-HW-7490,"Astrocytoma, NOS",0,0.35929151723633174,0.0,1,1,1,0,0,0,0,0,0,0,0,0,0,0,0,0,0,0,0,0
LGG,TCGA-LGG,TCGA-HT-8564,"Astrocytoma, anaplastic",0,0.4473395301178363,0.0,0,1,0,0,0,0,0,0,1,0,0,0,1,0,0,0,0,0,0,0
LGG,TCGA-LGG,TCGA-HT-7875,"Oligodendroglioma, NOS",0,0.5611871477713533,0.0,1,0,0,0,0,1,0,0,0,0,0,0,1,0,0,0,0,0,0,0
LGG,TCGA-LGG,TCGA-DH-5140,Mixed glioma,1,0.31728024591963694,0.0,0,1,0,0,0,0,0,0,1,0,0,0,0,0,0,0,0,0,0,0
LGG,TCGA-LGG,TCGA-WY-A85D,Mixed glioma,0,0.6111395740320573,0.0,1,1,1,0,0,0,0,0,0,0,0,0,0,0,0,0,0,0,0,0
LGG,TCGA-LGG,TCGA-TQ-A7RK,"Oligodendroglioma, NOS",0,0.20021225206762788,0.0,1,1,1,0,0,0,0,0,0,0,0,0,0,0,0,0,0,0,0,0
LGG,TCGA-LGG,TCGA-FG-6688,"Astrocytoma, anaplastic",1,0.6026128961428676,0.3333333333333333,0,0,0,0,0,0,0,0,0,0,0,1,0,0,0,0,0,0,0,0
LGG,TCGA-LGG,TCGA-HT-7479,"Astrocytoma, anaplastic",0,0.3974968894093536,0.0,1,1,0,0,0,0,0,0,0,0,0,0,0,0,0,0,0,0,0,0
LGG,TCGA-LGG,TCGA-DU-8167,Mixed glioma,1,0.731208372978116,0.0,1,1,1,0,0,0,0,0,0,0,0,0,0,0,0,0,0,0,0,0
LGG,TCGA-LGG,TCGA-E1-A7YM,"Astrocytoma, anaplastic",0,0.6581277903827856,0.0,0,0,0,0,1,0,0,0,0,0,0,1,0,0,0,0,0,0,0,0
LGG,TCGA-LGG,TCGA-QH-A6CW,Mixed glioma,0,0.38692088121203255,0.0,1,1,0,0,0,0,0,0,0,0,0,0,1,0,0,1,0,0,0,0
LGG,TCGA-LGG,TCGA-DU-8162,Mixed glioma,1,0.6337188026055771,0.0,0,0,0,0,1,0,0,0,0,0,0,0,0,0,0,0,0,0,0,0
LGG,TCGA-LGG,TCGA-P5-A5EV,"Astrocytoma, NOS",0,0.33071067847471264,0.0,1,0,1,0,0,0,1,0,0,0,0,0,0,0,0,0,0,0,0,0
LGG,TCGA-LGG,TCGA-DU-A5TR,Mixed glioma,0,0.4945839127570811,0.0,1,1,1,0,0,0,0,0,0,0,0,0,1,0,0,0,0,0,0,0
LGG,TCGA-LGG,TCGA-TM-A7CF,"Astrocytoma, NOS",1,0.3624387030666765,0.0,1,1,0,0,0,0,0,0,0,0,0,0,0,0,0,0,0,0,0,0
LGG,TCGA-LGG,TCGA-FG-A6IZ,"Oligodendroglioma, NOS",0,0.6219717485178948,0.0,1,0,0,0,0,1,0,0,0,0,0,0,0,0,0,0,0,0,0,0
LGG,TCGA-LGG,TCGA-HT-7687,"Oligodendroglioma, anaplastic",0,0.801580911951987,0.0,1,0,0,0,0,0,0,0,0,0,0,0,0,0,0,0,0,0,0,0
LGG,TCGA-LGG,TCGA-TM-A84J,"Oligodendroglioma, anaplastic",0,0.651833418722096,0.0,0,1,0,0,0,0,0,0,0,0,0,0,0,0,0,0,0,0,0,0
LGG,TCGA-LGG,TCGA-HT-A61C,"Oligodendroglioma, anaplastic",0,0.6951621166654467,0.0,0,0,0,0,1,0,1,0,0,0,0,0,0,0,0,0,0,0,0,0
LGG,TCGA-LGG,TCGA-DU-A76R,"Oligodendroglioma, anaplastic",0,0.5,0.0,1,0,0,0,0,0,0,1,0,0,0,0,0,0,0,0,0,0,0,0
LGG,TCGA-LGG,TCGA-HT-7481,"Oligodendroglioma, NOS",0,0.3305642977384176,0.0,1,0,0,0,0,0,0,1,0,1,1,0,1,0,0,0,0,0,0,0
LGG,TCGA-LGG,TCGA-DB-A4XB,"Astrocytoma, anaplastic",0,0.3190002195711044,0.0,1,1,0,0,0,0,0,0,0,0,0,0,0,0,0,0,0,0,0,0
LGG,TCGA-LGG,TCGA-FG-A87N,"Astrocytoma, anaplastic",1,0.3049476688867745,0.6666666666666666,1,0,0,0,0,0,0,0,1,0,0,0,0,0,0,0,0,0,0,0
LGG,TCGA-LGG,TCGA-S9-A7J0,"Oligodendroglioma, anaplastic",1,0.20925126253385057,0.0,1,1,1,0,0,0,0,0,0,0,0,0,0,0,0,0,0,0,0,0
LGG,TCGA-LGG,TCGA-CS-5397,"Astrocytoma, anaplastic",1,0.5338871404523164,0.0,0,0,0,0,0,0,0,0,1,0,0,0,0,1,0,0,0,0,0,0
LGG,TCGA-LGG,TCGA-WY-A85C,"Astrocytoma, NOS",0,0.3012881504793969,0.0,1,1,0,0,0,0,0,0,0,0,0,0,0,0,0,0,0,0,0,0
LGG,TCGA-LGG,TCGA-CS-6188,"Astrocytoma, anaplastic",0,0.45571982727073107,0.0,0,0,0,0,0,0,0,0,0,1,0,0,0,0,0,0,0,0,0,0
LGG,TCGA-LGG,TCGA-HT-7690,Mixed glioma,0,0.19768718436653732,0.0,1,1,1,0,0,0,0,0,0,0,0,0,0,0,0,0,0,0,0,0
LGG,TCGA-LGG,TCGA-TQ-A7RN,"Oligodendroglioma, NOS",0,0.23973505086730584,0.0,1,1,0,0,0,0,0,0,0,0,0,0,0,0,0,0,0,0,0,0
LGG,TCGA-LGG,TCGA-FG-A6J1,"Oligodendroglioma, NOS",1,0.3963624387030666,0.0,1,0,0,0,0,1,0,0,0,0,0,0,0,0,0,0,0,0,0,0
LGG,TCGA-LGG,TCGA-TM-A7C5,Mixed glioma,0,0.22012003220376197,0.0,1,0,0,0,0,1,0,0,0,0,0,0,0,0,0,0,0,0,0,0
LGG,TCGA-LGG,TCGA-DU-5854,"Astrocytoma, anaplastic",1,0.5792285735197247,0.0,0,0,0,0,0,0,1,0,0,0,0,0,0,0,0,0,0,0,0,1
LGG,TCGA-LGG,TCGA-TM-A84T,Mixed glioma,0,0.06316328771133722,0.0,1,1,1,0,0,0,0,0,0,0,0,0,0,0,0,0,0,0,0,0
LGG,TCGA-LGG,TCGA-DH-A669,"Oligodendroglioma, anaplastic",0,0.7512259386664715,0.0,1,0,0,0,0,0,0,0,0,0,0,1,0,0,0,0,0,0,0,0
LGG,TCGA-LGG,TCGA-FG-A4MW,Mixed glioma,0,0.6513210861450633,0.0,0,0,0,1,1,0,0,0,0,0,0,0,0,0,0,0,0,0,0,0
LGG,TCGA-LGG,TCGA-E1-5302,"Astrocytoma, anaplastic",0,0.36434165263851276,0.0,1,1,1,0,0,0,0,0,0,0,0,0,0,0,0,0,0,0,0,0
LGG,TCGA-LGG,TCGA-HT-7603,"Oligodendroglioma, NOS",0,0.2053721730220303,0.0,1,1,1,0,0,0,0,0,0,0,0,0,0,0,0,0,0,0,0,0
LGG,TCGA-LGG,TCGA-S9-A6WP,Mixed glioma,0,0.3800043914220888,0.0,1,0,0,0,0,0,0,0,1,0,1,0,0,0,0,0,0,0,0,0
LGG,TCGA-LGG,TCGA-HT-A4DV,"Oligodendroglioma, anaplastic",1,0.49487667422967135,0.0,1,0,0,0,0,1,0,0,0,0,0,0,0,0,0,0,0,0,0,0
LGG,TCGA-LGG,TCGA-DB-5270,Mixed glioma,1,0.31585303374075974,0.0,1,1,1,0,0,0,1,0,0,0,0,0,0,0,0,0,0,0,0,0
LGG,TCGA-LGG,TCGA-E1-A7YW,Mixed glioma,0,0.1939544755910122,0.0,1,1,1,0,0,0,0,0,0,0,0,0,0,0,0,0,0,0,0,0
LGG,TCGA-LGG,TCGA-DU-7009,"Oligodendroglioma, NOS",1,0.24086950157359288,0.0,1,0,0,0,0,0,0,0,0,0,0,0,0,0,0,0,0,0,0,0
LGG,TCGA-LGG,TCGA-HT-8108,"Oligodendroglioma, NOS",1,0.15622484081094934,0.0,1,1,1,0,0,0,0,0,0,0,0,0,0,0,0,0,0,0,0,0
LGG,TCGA-LGG,TCGA-DU-7306,Mixed glioma,0,0.7143379931201053,0.0,1,1,1,0,0,0,0,0,0,0,0,0,0,0,0,0,0,0,0,0
LGG,TCGA-LGG,TCGA-DB-A64P,"Oligodendroglioma, anaplastic",0,0.3535826685208227,0.0,1,0,0,0,0,1,1,0,0,0,0,0,0,0,0,0,0,0,0,0
LGG,TCGA-LGG,TCGA-HT-7688,"Oligodendroglioma, anaplastic",0,0.6062358193661714,0.0,1,1,1,0,0,0,0,0,0,0,0,0,0,0,0,1,0,0,0,0
LGG,TCGA-LGG,TCGA-VM-A8CD,"Astrocytoma, anaplastic",0,0.5826685208226596,0.0,0,0,0,1,0,0,0,0,1,0,0,0,0,0,0,0,0,0,0,0
LGG,TCGA-LGG,TCGA-DB-A64X,"Astrocytoma, anaplastic",1,0.5616262899802384,0.0,1,1,0,0,0,0,0,0,0,0,0,0,0,0,1,0,0,0,0,0
LGG,TCGA-LGG,TCGA-HT-7877,"Oligodendroglioma, NOS",1,0.08460806557856987,0.0,1,0,0,0,0,1,0,0,0,0,0,0,0,0,0,0,0,0,0,0
LGG,TCGA-LGG,TCGA-DH-A66F,"Oligodendroglioma, NOS",0,0.47269999268096313,0.0,1,0,0,0,0,0,0,0,0,0,0,0,0,0,0,0,0,0,0,0
LGG,TCGA-LGG,TCGA-P5-A77W,Mixed glioma,1,0.30271536265827426,0.0,1,0,0,0,0,1,0,0,0,0,0,0,0,0,0,0,0,0,0,0
LGG,TCGA-LGG,TCGA-HT-A5R9,"Oligodendroglioma, anaplastic",1,0.4574032057381248,0.0,0,0,0,0,0,1,0,0,0,0,0,0,0,0,0,0,0,1,0,0
LGG,TCGA-LGG,TCGA-E1-A7YS,"Oligodendroglioma, anaplastic",0,0.764034253092293,0.3333333333333333,1,0,0,0,0,0,0,0,0,1,0,0,0,0,0,0,0,0,0,0
LGG,TCGA-LGG,TCGA-TM-A7C3,"Astrocytoma, anaplastic",1,0.3932884432408695,0.0,0,0,0,0,1,0,0,0,0,0,0,0,0,0,0,1,0,0,0,0
LGG,TCGA-LGG,TCGA-DU-A6S7,"Astrocytoma, anaplastic",1,0.1793164019615019,0.0,1,1,1,0,0,0,0,0,0,0,0,0,0,0,0,0,0,0,0,0
LGG,TCGA-LGG,TCGA-TQ-A7RJ,Mixed glioma,1,0.14414843006660322,0.0,1,1,1,0,0,0,1,0,0,0,0,0,0,0,0,0,0,0,0,0
LGG,TCGA-LGG,TCGA-RY-A843,"Astrocytoma, anaplastic",0,0.2126912098367854,0.0,1,0,0,0,0,0,0,0,0,0,0,0,0,0,0,0,0,0,0,0
LGG,TCGA-LGG,TCGA-DU-6395,Mixed glioma,0,0.23102539705774722,0.0,1,1,1,0,0,0,0,0,0,0,0,0,0,0,0,0,0,0,0,0
LGG,TCGA-LGG,TCGA-FG-8191,"Oligodendroglioma, anaplastic",0,0.21887579594525358,0.0,1,1,1,0,0,0,0,0,0,0,0,0,0,0,0,0,0,0,0,0
LGG,TCGA-LGG,TCGA-HT-7606,"Astrocytoma, NOS",1,0.21818048744785185,0.0,1,1,0,1,0,0,0,0,0,0,0,0,0,0,0,1,0,0,0,0
LGG,TCGA-LGG,TCGA-HT-7857,"Astrocytoma, anaplastic",1,0.1332796603966918,0.0,0,0,0,0,0,0,0,0,1,0,0,0,0,0,0,0,0,0,0,0
LGG,TCGA-LGG,TCGA-DU-7015,"Oligodendroglioma, NOS",1,0.3574251628485691,0.0,1,1,1,0,0,0,0,0,0,0,0,0,0,0,1,0,0,0,0,0
LGG,TCGA-LGG,TCGA-HT-7609,Mixed glioma,0,0.26842567518114613,0.0,1,1,0,0,0,0,0,0,0,0,0,0,0,0,0,0,0,0,0,0
LGG,TCGA-LGG,TCGA-S9-A6WI,Mixed glioma,1,0.5610407670350581,0.0,1,0,0,0,0,0,0,0,0,0,0,0,0,0,0,0,0,0,0,0
LGG,TCGA-LGG,TCGA-S9-A6TZ,"Astrocytoma, NOS",1,0.3410305203835176,0.0,1,1,0,0,0,0,0,0,0,0,0,0,0,0,0,0,0,0,0,0
LGG,TCGA-LGG,TCGA-FG-6691,"Astrocytoma, NOS",1,0.11468930688721374,0.0,1,1,1,0,0,0,0,0,0,0,0,0,0,0,0,0,0,0,0,0
LGG,TCGA-LGG,TCGA-DU-6401,"Oligodendroglioma, NOS",1,0.23142794408255873,0.0,1,1,1,0,0,0,0,0,0,0,0,0,0,0,0,0,0,0,0,0
LGG,TCGA-LGG,TCGA-DB-5278,"Oligodendroglioma, NOS",0,0.04435336309741639,0.0,1,0,0,0,0,1,0,0,0,0,0,0,0,0,0,0,0,0,0,0
LGG,TCGA-LGG,TCGA-HT-8109,"Oligodendroglioma, anaplastic",0,0.6662519212471638,0.0,1,0,0,0,0,0,0,0,0,0,0,0,0,0,0,1,0,0,0,0
LGG,TCGA-LGG,TCGA-FG-A4MT,"Oligodendroglioma, NOS",1,0.1760960257630096,0.0,1,1,1,0,0,0,1,0,0,0,0,0,0,0,0,0,0,0,0,0
LGG,TCGA-LGG,TCGA-DU-7292,"Astrocytoma, anaplastic",0,0.7313547537144112,0.0,0,0,0,0,1,0,0,0,0,0,0,0,0,0,0,0,0,0,0,0
LGG,TCGA-LGG,TCGA-CS-4943,"Astrocytoma, anaplastic",0,0.30344726633974967,0.0,1,1,1,0,0,0,0,0,0,0,0,0,0,0,0,0,0,0,0,0
LGG,TCGA-LGG,TCGA-VV-A829,Mixed glioma,0,0.3984483641952719,0.0,1,0,0,0,0,0,0,0,0,0,0,0,1,1,0,0,0,0,0,0
LGG,TCGA-LGG,TCGA-FN-7833,Mixed glioma,0,0.144843738564005,0.0,1,1,1,0,0,0,0,0,0,0,0,0,0,0,0,0,0,0,0,0
LGG,TCGA-LGG,TCGA-HT-7695,"Oligodendroglioma, NOS",1,0.2033228427138989,0.0,1,0,0,0,0,1,0,0,0,0,0,0,0,0,0,0,0,0,0,0
LGG,TCGA-LGG,TCGA-DB-A4XC,Mixed glioma,0,0.16229964136719605,0.0,1,1,1,0,0,0,0,0,0,0,0,0,0,0,0,0,0,0,0,0
LGG,TCGA-LGG,TCGA-CS-5390,"Oligodendroglioma, NOS",1,0.4459123179389592,0.0,1,0,0,0,0,0,0,0,0,0,1,0,1,0,1,0,0,0,0,0
LGG,TCGA-LGG,TCGA-HT-7855,"Astrocytoma, anaplastic",0,0.3375173827124351,0.0,1,1,1,0,0,0,0,0,0,0,0,0,0,0,0,1,0,0,0,0
LGG,TCGA-LGG,TCGA-DU-A6S6,Mixed glioma,1,0.2758179023640489,0.0,1,0,0,0,0,0,0,0,0,0,0,0,0,0,0,0,0,0,0,0
LGG,TCGA-LGG,TCGA-FG-A713,Mixed glioma,1,0.8032642904193807,0.0,1,0,1,0,0,1,0,0,0,0,0,0,0,0,0,0,0,0,0,0
LGG,TCGA-LGG,TCGA-DH-A7US,"Oligodendroglioma, NOS",0,0.48133645612237425,0.0,1,0,0,0,0,1,0,0,0,0,0,0,0,0,0,1,0,0,0,0
LGG,TCGA-LGG,TCGA-WH-A86K,"Astrocytoma, NOS",0,0.6870745809851424,0.0,1,1,0,0,0,0,0,0,0,0,0,0,0,0,0,0,0,0,0,0
LGG,TCGA-LGG,TCGA-DU-6403,Mixed glioma,1,0.6130425236038937,0.0,0,0,0,0,0,0,0,0,0,0,0,0,0,1,0,0,0,0,0,0
LGG,TCGA-LGG,TCGA-DU-5870,"Oligodendroglioma, NOS",1,0.27417111908072894,0.0,1,0,0,0,0,1,0,0,0,1,0,0,0,0,0,0,0,0,0,0
LGG,TCGA-LGG,TCGA-P5-A736,"Astrocytoma, anaplastic",1,0.4034619044133792,0.0,1,1,1,0,0,0,0,0,0,0,0,0,0,0,0,0,0,0,0,0
LGG,TCGA-LGG,TCGA-P5-A72X,"Astrocytoma, anaplastic",0,0.09675766669106345,0.0,1,1,1,0,0,0,0,0,0,0,0,0,0,0,0,0,0,0,0,0
LGG,TCGA-LGG,TCGA-HT-8011,"Astrocytoma, anaplastic",0,0.5451950523311131,0.0,0,0,0,0,0,0,0,0,0,0,0,0,0,0,0,0,0,0,0,0
LGG,TCGA-LGG,TCGA-CS-6670,"Oligodendroglioma, anaplastic",0,0.3949352265241894,0.0,1,0,0,0,0,0,0,0,0,0,0,0,0,0,0,0,0,0,0,0
LGG,TCGA-LGG,TCGA-HT-8114,Mixed glioma,0,0.290016833784674,0.0,1,1,1,0,0,0,0,0,0,0,0,0,0,0,0,0,0,0,0,0
LGG,TCGA-LGG,TCGA-FG-6690,"Oligodendroglioma, NOS",0,0.7460294225279953,0.0,1,1,1,0,0,0,0,0,0,0,0,0,0,0,0,1,0,0,0,0
LGG,TCGA-LGG,TCGA-DU-6408,"Oligodendroglioma, anaplastic",1,0.12746102612896143,0.0,1,1,1,0,0,0,0,0,0,0,0,0,0,0,0,0,0,0,0,0
LGG,TCGA-LGG,TCGA-IK-7675,"Oligodendroglioma, NOS",0,0.38886042596794274,0.0,1,1,0,0,0,0,0,0,0,0,0,0,0,0,0,0,0,0,0,0
LGG,TCGA-LGG,TCGA-TM-A84I,"Astrocytoma, anaplastic",0,0.2177413452389666,0.0,1,1,1,0,0,0,0,0,0,0,0,0,0,0,0,0,0,0,0,0
LGG,TCGA-LGG,TCGA-DB-A64U,Mixed glioma,1,0.320061479909244,0.0,1,0,0,0,0,1,0,0,0,0,0,0,0,0,0,0,0,0,0,0
LGG,TCGA-LGG,TCGA-DU-5847,"Astrocytoma, anaplastic",1,0.2683890799970724,0.0,0,0,0,1,0,0,0,0,1,0,0,1,0,0,0,0,0,0,0,0
LGG,TCGA-LGG,TCGA-E1-A7YJ,"Astrocytoma, anaplastic",0,0.545378028251482,0.0,0,0,0,0,1,0,0,0,0,0,0,0,0,0,0,0,0,0,0,0
LGG,TCGA-LGG,TCGA-DB-A4XA,Mixed glioma,0,0.21678987045304837,0.0,1,0,0,0,0,1,1,0,0,0,0,0,0,0,0,0,1,0,0,0
LGG,TCGA-LGG,TCGA-DU-5852,Mixed glioma,1,0.6246431969552806,0.0,0,0,1,0,1,0,0,0,0,0,0,0,0,0,0,0,0,0,0,0
LGG,TCGA-LGG,TCGA-TM-A7CA,"Astrocytoma, NOS",0,0.40767035058186335,0.0,1,1,1,0,0,0,0,0,0,0,0,0,0,0,0,0,0,0,0,0
LGG,TCGA-LGG,TCGA-DU-6407,"Oligodendroglioma, NOS",1,0.28357608138768936,0.0,1,1,1,0,0,0,0,0,0,0,0,0,0,0,0,0,0,0,0,0
LGG,TCGA-LGG,TCGA-HW-A5KJ,"Oligodendroglioma, anaplastic",0,0.7203761984922783,0.0,1,0,0,0,0,0,0,0,0,0,0,0,1,0,0,0,0,0,0,0
LGG,TCGA-LGG,TCGA-TM-A84H,Mixed glioma,1,0.40262021517968233,0.0,1,1,0,0,0,0,1,0,0,0,0,0,0,0,1,1,0,0,0,0
LGG,TCGA-LGG,TCGA-HT-7472,"Oligodendroglioma, NOS",0,0.3181951255214814,0.0,1,1,1,0,0,0,0,0,0,0,0,0,0,1,0,0,0,0,0,0
LGG,TCGA-LGG,TCGA-DU-A7TD,Mixed glioma,0,0.503110590646271,0.0,0,0,0,1,1,0,0,0,0,0,0,0,0,0,0,0,0,0,0,0
LGG,TCGA-LGG,TCGA-S9-A7QX,"Astrocytoma, anaplastic",1,0.2949205884505599,0.0,1,1,1,0,0,0,1,0,0,0,0,0,0,0,0,0,0,0,0,0
LGG,TCGA-LGG,TCGA-E1-A7YI,"Astrocytoma, anaplastic",1,0.2545926956012589,0.0,1,1,1,0,0,0,0,0,0,0,0,0,0,0,0,0,0,0,0,0
LGG,TCGA-LGG,TCGA-HT-7860,"Astrocytoma, anaplastic",1,0.6131523091561151,0.0,0,0,0,1,0,0,1,0,1,0,0,0,0,0,0,0,0,0,0,0
LGG,TCGA-LGG,TCGA-P5-A780,"Astrocytoma, anaplastic",1,0.39837517382712434,0.0,1,1,0,0,0,0,0,0,0,0,0,0,0,0,0,0,0,0,0,0
LGG,TCGA-LGG,TCGA-E1-A7YQ,"Oligodendroglioma, anaplastic",1,0.5878284417770621,0.3333333333333333,0,0,0,0,1,0,0,0,0,0,0,0,0,0,0,0,0,0,0,0
LGG,TCGA-LGG,TCGA-S9-A6U5,"Astrocytoma, NOS",0,0.2614725902071287,0.0,1,0,0,0,0,1,0,0,0,0,0,0,1,0,0,0,0,0,0,0
LGG,TCGA-LGG,TCGA-HT-8107,"Oligodendroglioma, NOS",0,0.6441118348825294,0.0,0,0,0,0,1,0,0,0,0,0,0,0,0,0,0,0,0,0,0,0
LGG,TCGA-LGG,TCGA-CS-4942,"Astrocytoma, anaplastic",1,0.4033521188611578,0.3333333333333333,1,1,0,0,0,0,0,0,0,1,0,0,0,1,0,0,0,0,0,0
LGG,TCGA-LGG,TCGA-S9-A6U9,"Astrocytoma, anaplastic",0,0.2996047720120032,0.0,1,1,1,0,0,0,0,0,0,0,0,0,0,0,0,0,0,0,0,0
LGG,TCGA-LGG,TCGA-HT-7686,"Astrocytoma, anaplastic",1,0.19955353875429999,0.0,1,1,1,0,0,0,0,0,0,0,0,0,0,0,0,0,0,0,0,0
LGG,TCGA-LGG,TCGA-P5-A5EW,"Astrocytoma, NOS",1,0.0857425162848569,0.0,1,1,1,0,0,0,0,0,0,0,0,0,0,0,0,0,0,0,0,0
LGG,TCGA-LGG,TCGA-HT-7607,"Astrocytoma, NOS",1,0.6333162555807654,0.0,1,0,0,0,0,0,0,1,0,0,0,0,0,0,0,0,0,0,0,0
LGG,TCGA-LGG,TCGA-DU-7309,"Oligodendroglioma, anaplastic",1,0.36313401156407815,0.0,0,1,1,0,0,0,0,0,0,0,0,0,0,0,0,0,0,1,0,0
LGG,TCGA-LGG,TCGA-P5-A737,Mixed glioma,0,0.44335065505379495,0.0,1,0,0,0,0,0,0,0,0,0,0,0,0,0,0,0,0,0,0,0
LGG,TCGA-LGG,TCGA-S9-A6WM,"Astrocytoma, anaplastic",1,0.6031984190880479,0.0,0,0,0,0,0,0,0,0,0,0,0,0,0,0,0,0,0,0,0,0
LGG,TCGA-LGG,TCGA-FG-7636,"Astrocytoma, anaplastic",0,0.4598916782551416,0.0,1,1,1,0,0,0,1,0,0,0,0,0,0,0,0,0,0,0,0,0
LGG,TCGA-LGG,TCGA-E1-5322,Mixed glioma,1,0.315816438556686,0.0,1,1,1,0,0,0,0,0,0,0,0,0,0,0,0,0,0,0,0,0
LGG,TCGA-LGG,TCGA-TQ-A7RF,"Oligodendroglioma, anaplastic",1,0.17013101075898412,0.0,1,1,0,0,0,0,0,0,0,0,0,0,0,0,1,0,0,0,0,0
LGG,TCGA-LGG,TCGA-DU-7010,"Astrocytoma, anaplastic",1,0.5826319256385859,0.0,1,1,1,0,0,0,0,0,0,0,0,0,0,0,0,0,0,0,0,0
LGG,TCGA-LGG,TCGA-QH-A6CS,"Astrocytoma, anaplastic",0,0.35929151723633174,0.0,0,0,0,1,0,0,0,0,1,0,0,0,0,0,0,0,0,0,0,0
LGG,TCGA-LGG,TCGA-HT-7476,"Astrocytoma, NOS",0,0.1589694796164825,0.0,0,1,1,0,0,0,0,0,0,0,0,0,0,0,0,0,0,1,1,0
LGG,TCGA-LGG,TCGA-HT-7884,"Astrocytoma, NOS",1,0.40273000073190374,0.0,1,1,1,0,0,0,0,0,0,0,0,0,0,0,0,0,0,0,0,0
LGG,TCGA-LGG,TCGA-DU-A7TC,"Astrocytoma, NOS",0,0.2419673570958062,0.0,1,1,0,0,0,0,0,0,0,0,0,0,0,0,0,0,0,0,0,0
LGG,TCGA-LGG,TCGA-CS-6666,"Astrocytoma, anaplastic",0,0.11238381029056582,0.0,1,1,1,0,0,0,0,0,0,0,0,0,0,0,0,0,0,0,0,0
LGG,TCGA-LGG,TCGA-HT-7610,Mixed glioma,1,0.15285808387616184,0.0,1,1,1,0,0,0,0,0,0,0,0,0,0,1,0,0,0,0,0,0
LGG,TCGA-LGG,TCGA-FG-A60K,Mixed glioma,1,0.2624972553611944,0.0,1,0,0,0,0,1,0,0,0,0,0,0,0,0,0,0,0,0,0,0
LGG,TCGA-LGG,TCGA-S9-A6U8,"Astrocytoma, NOS",0,0.13811022469443024,0.0,1,1,1,0,0,0,1,0,0,0,0,0,0,0,1,0,0,0,0,0
LGG,TCGA-LGG,TCGA-HT-8563,"Astrocytoma, anaplastic",1,0.22081534070116376,0.0,1,1,1,0,0,0,0,0,0,0,0,0,0,0,0,0,0,0,0,0
LGG,TCGA-LGG,TCGA-TQ-A7RH,Mixed glioma,0,0.3385420478665007,0.3333333333333333,1,1,1,0,0,0,0,0,0,0,0,0,0,0,0,0,0,0,0,0
LGG,TCGA-LGG,TCGA-S9-A6U1,"Astrocytoma, anaplastic",1,0.1098587425894752,0.0,1,0,1,0,0,0,0,0,0,0,0,0,0,0,0,0,0,0,0,0
LGG,TCGA-LGG,TCGA-DU-7301,"Oligodendroglioma, NOS",0,0.5257630095879382,0.0,1,1,1,0,0,0,0,0,0,0,0,0,0,0,0,0,0,0,0,0
LGG,TCGA-LGG,TCGA-FG-6689,"Astrocytoma, NOS",0,0.22107150698968014,0.0,1,1,1,0,0,0,0,0,0,0,0,0,0,0,0,0,0,0,0,0
LGG,TCGA-LGG,TCGA-HT-8013,Mixed glioma,1,0.3103271609456196,0.0,1,1,1,0,0,0,0,0,0,0,0,0,0,0,0,0,0,0,0,0
LGG,TCGA-LGG,TCGA-HT-A616,"Astrocytoma, NOS",1,0.29089511820244457,0.0,1,0,1,0,0,0,0,0,0,0,0,0,0,0,0,0,0,0,0,0
LGG,TCGA-LGG,TCGA-DU-7008,"Oligodendroglioma, NOS",1,0.36650076849886554,0.0,1,1,1,0,0,0,0,0,0,0,0,0,0,0,0,1,0,0,0,0
LGG,TCGA-LGG,TCGA-E1-A7YD,"Astrocytoma, anaplastic",0,0.57608138768938,0.0,0,1,0,0,1,0,0,1,0,0,0,0,0,0,0,0,0,0,0,0
LGG,TCGA-LGG,TCGA-E1-A7YK,"Astrocytoma, anaplastic",0,0.5108321744858375,0.0,1,1,1,0,0,0,0,0,0,0,0,0,0,0,0,0,0,0,0,0
LGG,TCGA-LGG,TCGA-TM-A84Q,"Astrocytoma, NOS",0,0.23409939251994438,0.0,1,1,1,0,0,0,0,0,0,0,0,0,0,0,0,0,0,0,0,0
LGG,TCGA-LGG,TCGA-WY-A858,"Astrocytoma, anaplastic",1,0.24090609675766667,0.0,1,1,1,0,0,0,0,0,0,0,0,0,0,0,0,1,0,0,0,0
LGG,TCGA-LGG,TCGA-F6-A8O4,"Astrocytoma, NOS",0,0.3998755763741491,0.6666666666666666,1,1,1,0,0,0,0,0,0,0,0,0,0,0,0,0,0,0,0,0
LGG,TCGA-LGG,TCGA-R8-A6MK,"Oligodendroglioma, NOS",0,0.3455317280245919,0.0,1,0,0,0,0,1,0,0,0,0,0,0,0,0,0,0,0,0,0,0
LGG,TCGA-LGG,TCGA-VM-A8CF,"Astrocytoma, anaplastic",1,0.40470614067188754,0.0,1,1,1,0,0,0,0,0,0,0,0,0,0,0,0,1,0,0,0,0
LGG,TCGA-LGG,TCGA-FG-5965,Mixed glioma,1,0.3284783722462124,0.0,1,1,1,0,0,0,0,0,0,0,0,0,0,0,0,0,0,0,0,0
LGG,TCGA-LGG,TCGA-HT-7854,"Astrocytoma, NOS",0,0.6389153187440533,0.0,0,0,0,0,0,0,0,0,0,0,0,0,0,0,0,0,0,0,0,0
LGG,TCGA-LGG,TCGA-RY-A847,"Oligodendroglioma, NOS",0,0.4192710239332504,0.0,1,0,0,0,0,0,1,0,0,0,0,0,0,0,0,0,0,0,0,0
LGG,TCGA-LGG,TCGA-DU-5849,"Oligodendroglioma, NOS",0,0.45330454512186197,0.0,0,0,0,0,0,0,0,0,0,0,0,0,0,0,0,0,0,1,0,0
LGG,TCGA-LGG,TCGA-FG-7637,Mixed glioma,0,0.4687111176169216,0.0,1,0,0,0,0,0,0,0,0,0,0,0,0,0,0,0,0,0,0,0
LGG,TCGA-LGG,TCGA-QH-A65R,"Oligodendroglioma, anaplastic",1,0.3220376198492279,0.0,1,0,0,0,0,0,0,0,0,0,0,0,0,0,0,0,0,0,0,0
LGG,TCGA-LGG,TCGA-S9-A7R3,"Astrocytoma, NOS",1,0.18557417843811758,0.0,1,1,0,0,0,0,0,0,0,0,0,0,0,0,0,0,0,0,0,0
LGG,TCGA-LGG,TCGA-P5-A735,"Astrocytoma, NOS",1,0.32492863939105615,0.0,1,1,1,0,0,0,0,0,0,0,0,0,0,0,0,0,0,0,0,0
LGG,TCGA-LGG,TCGA-HT-A618,"Astrocytoma, anaplastic",1,0.3045451218619629,0.0,0,1,1,0,0,0,0,0,0,0,0,0,0,0,0,0,0,0,0,0
LGG,TCGA-LGG,TCGA-E1-A7Z2,"Oligodendroglioma, NOS",1,0.5878284417770621,0.0,0,0,0,0,1,0,0,0,0,0,0,0,0,0,0,0,0,0,0,0
LGG,TCGA-LGG,TCGA-TQ-A7RM,Mixed glioma,1,0.3615604186489057,0.0,1,1,0,0,0,0,0,0,0,0,0,0,0,0,0,0,1,0,0,0
LGG,TCGA-LGG,TCGA-HT-7694,"Oligodendroglioma, anaplastic",0,0.6093464100124424,0.0,1,0,0,0,0,1,0,0,0,1,1,0,0,0,0,0,0,0,0,0
LGG,TCGA-LGG,TCGA-VM-A8C8,"Oligodendroglioma, NOS",1,0.48371514308716973,0.0,1,1,1,0,0,0,0,0,0,0,0,0,0,0,0,0,0,0,0,0
LGG,TCGA-LGG,TCGA-HT-7616,"Oligodendroglioma, anaplastic",0,0.8198419088048012,0.0,1,0,0,0,0,1,0,0,0,0,1,0,0,0,0,0,0,0,0,0
LGG,TCGA-LGG,TCGA-CS-5395,Mixed glioma,0,0.38695747639610617,0.3333333333333333,0,0,0,1,0,0,0,0,0,0,0,0,0,0,0,0,0,0,0,0
LGG,TCGA-LGG,TCGA-S9-A7J3,"Oligodendroglioma, anaplastic",1,0.5042450413525579,0.0,1,0,0,0,0,1,0,0,0,0,1,0,0,0,0,0,0,0,0,0
LGG,TCGA-LGG,TCGA-E1-5303,"Astrocytoma, anaplastic",0,0.32712435043548255,0.0,1,1,1,0,0,0,0,0,0,0,0,0,0,0,0,0,0,0,0,0
LGG,TCGA-LGG,TCGA-CS-4944,"Astrocytoma, NOS",0,0.48371514308716973,0.0,1,0,0,0,0,0,0,0,0,1,0,0,0,0,0,0,0,0,0,0
LGG,TCGA-LGG,TCGA-HT-7882,"Oligodendroglioma, anaplastic",0,0.7015296786942837,0.0,0,0,0,0,0,0,0,0,0,0,0,0,0,0,0,0,0,0,0,1
LGG,TCGA-LGG,TCGA-DH-A7UT,"Astrocytoma, anaplastic",0,0.21016614213569496,0.0,1,1,0,0,0,0,0,0,0,0,0,0,0,0,0,0,0,0,0,0
LGG,TCGA-LGG,TCGA-DB-A64O,Mixed glioma,0,0.6050281782917368,0.0,0,0,0,0,0,0,0,0,1,0,0,0,0,0,0,0,0,0,0,0
LGG,TCGA-LGG,TCGA-VW-A7QS,"Oligodendroglioma, anaplastic",1,0.2762204493888605,0.6666666666666666,1,0,0,0,0,0,0,0,0,0,0,0,1,0,0,0,0,0,0,0
LGG,TCGA-LGG,TCGA-QH-A870,Mixed glioma,1,0.3223669765058919,0.0,1,1,1,0,0,0,0,0,0,0,0,0,0,0,0,0,0,0,0,0
LGG,TCGA-LGG,TCGA-DU-A5TS,"Oligodendroglioma, NOS",0,0.37971162994949864,0.3333333333333333,1,0,1,0,0,0,0,0,0,0,0,0,0,0,0,0,0,0,0,0
LGG,TCGA-LGG,TCGA-P5-A731,Mixed glioma,1,0.6015150406206542,0.0,1,0,0,0,0,0,0,0,0,0,0,0,0,0,0,0,0,0,0,0
LGG,TCGA-LGG,TCGA-KT-A74X,Mixed glioma,0,0.15809119519871184,0.0,1,0,0,0,0,1,0,0,0,1,0,0,0,0,0,0,0,0,0,0
LGG,TCGA-LGG,TCGA-FG-A4MU,Mixed glioma,0,0.5918173168411038,0.0,0,0,0,0,1,0,0,0,0,0,0,0,0,0,0,0,0,0,0,0
LGG,TCGA-LGG,TCGA-E1-5311,"Oligodendroglioma, anaplastic",0,0.2218034106711556,0.0,1,0,0,0,0,1,0,0,0,0,0,0,1,0,0,0,0,0,0,0
LGG,TCGA-LGG,TCGA-HT-7902,Mixed glioma,1,0.21397204127936764,0.0,1,1,1,0,0,0,1,0,0,0,0,0,0,0,0,0,0,0,0,0
LGG,TCGA-LGG,TCGA-DU-7290,"Astrocytoma, anaplastic",1,0.4168923369684549,0.0,0,0,0,1,0,0,0,0,0,0,0,1,0,0,0,0,0,0,0,0
LGG,TCGA-LGG,TCGA-DB-5274,Mixed glioma,1,0.3076557125082339,0.0,1,0,0,0,0,0,0,0,0,0,1,0,0,0,0,0,0,0,0,0
LGG,TCGA-LGG,TCGA-FG-A60L,"Astrocytoma, NOS",1,0.2674376052111543,0.0,1,1,0,0,0,0,0,0,0,0,0,0,0,0,0,0,0,0,0,0
LGG,TCGA-LGG,TCGA-P5-A781,"Astrocytoma, anaplastic",1,0.2739149527922125,0.0,1,0,0,0,0,0,0,0,0,0,0,0,0,0,0,0,0,0,0,0
LGG,TCGA-LGG,TCGA-DB-A4XD,"Astrocytoma, anaplastic",0,0.2367342457732562,0.0,1,1,1,0,0,0,0,0,0,0,0,0,0,0,0,0,0,0,0,0
LGG,TCGA-LGG,TCGA-DU-6393,"Oligodendroglioma, anaplastic",0,0.6953816877698895,0.0,1,0,0,0,0,1,0,0,0,0,0,0,0,0,0,0,0,0,0,0
LGG,TCGA-LGG,TCGA-S9-A6U0,"Astrocytoma, anaplastic",0,0.4250530630169069,0.0,0,0,0,1,0,0,0,1,0,0,0,0,0,0,0,0,0,0,0,0
LGG,TCGA-LGG,TCGA-DU-7298,"Astrocytoma, anaplastic",1,0.32686818414696633,0.3333333333333333,1,1,1,0,0,0,0,1,0,0,0,0,0,0,0,0,0,0,0,0
LGG,TCGA-LGG,TCGA-DU-7299,"Astrocytoma, anaplastic",0,0.25594671741198854,0.0,1,1,0,0,0,0,0,0,1,0,0,0,0,0,0,0,0,0,0,0
LGG,TCGA-LGG,TCGA-DU-A7TG,"Oligodendroglioma, NOS",0,0.343884944741272,0.0,1,0,0,0,0,0,0,0,0,0,0,0,0,0,0,0,0,0,0,0
LGG,TCGA-LGG,TCGA-FG-A6J3,"Astrocytoma, anaplastic",1,0.5072458464466076,0.0,1,1,0,0,0,0,0,0,0,0,0,0,0,0,0,0,0,0,0,0
LGG,TCGA-LGG,TCGA-QH-A6X5,Mixed glioma,1,0.584095733001537,0.0,1,0,0,0,0,1,0,0,0,0,0,0,0,1,0,0,0,0,0,0
LGG,TCGA-LGG,TCGA-CS-4938,"Astrocytoma, NOS",1,0.22828075825221406,0.0,1,1,1,0,0,0,0,0,0,0,0,0,0,0,0,0,0,0,0,0
LGG,TCGA-LGG,TCGA-DU-5872,Mixed glioma,1,0.3920076117982874,0.3333333333333333,1,1,1,0,0,0,0,0,0,0,0,0,0,0,0,0,0,0,0,0
LGG,TCGA-LGG,TCGA-DU-7007,"Astrocytoma, NOS",0,0.25517821854643924,0.0,1,1,0,0,0,0,0,0,0,0,0,0,0,0,0,0,0,0,0,0
LGG,TCGA-LGG,TCGA-P5-A77X,Mixed glioma,1,0.5434750786796456,0.0,1,0,0,0,0,1,0,0,0,0,1,0,0,0,0,0,0,0,0,0
LGG,TCGA-LGG,TCGA-DU-7304,Mixed glioma,0,0.38999487667422966,0.0,1,1,1,0,0,0,0,0,0,0,0,0,0,0,0,0,0,0,0,0
LGG,TCGA-LGG,TCGA-DU-A6S3,"Oligodendroglioma, NOS",0,0.6132986898924102,0.0,1,0,0,0,0,1,0,1,0,0,1,0,1,0,0,0,0,0,0,0
LGG,TCGA-LGG,TCGA-QH-A86X,"Oligodendroglioma, NOS",0,0.26030154431676794,0.0,1,0,0,0,0,1,0,0,0,0,1,0,0,0,0,0,0,0,0,0
LGG,TCGA-LGG,TCGA-E1-5319,"Oligodendroglioma, NOS",1,0.45143819073409935,0.0,1,0,0,0,0,1,0,0,0,0,1,0,0,0,0,0,0,0,0,0
LGG,TCGA-LGG,TCGA-HT-A5RC,"Astrocytoma, anaplastic",1,0.7498719168557417,0.0,0,0,0,0,1,0,0,0,0,0,0,0,0,0,0,0,0,0,0,0
LGG,TCGA-LGG,TCGA-HT-8106,"Astrocytoma, anaplastic",0,0.5225060382053721,0.0,1,1,0,0,0,0,1,0,0,0,0,0,0,0,0,0,0,0,1,0
LGG,TCGA-LGG,TCGA-S9-A6UA,"Astrocytoma, anaplastic",0,0.6939178804069386,0.0,0,0,1,0,0,0,0,0,1,0,0,0,0,0,0,0,0,0,0,0
LGG,TCGA-LGG,TCGA-TM-A84S,"Oligodendroglioma, anaplastic",0,0.2982873453853473,0.0,1,0,0,0,0,0,0,1,0,0,0,0,0,0,0,0,0,0,0,0
LGG,TCGA-LGG,TCGA-HT-7620,"Oligodendroglioma, anaplastic",0,0.3434458025323868,0.0,1,0,0,0,0,0,0,1,0,0,1,0,0,0,0,0,0,0,0,0
LGG,TCGA-LGG,TCGA-DU-A7T6,"Oligodendroglioma, anaplastic",1,0.7862109346410011,0.0,1,0,0,0,0,1,1,0,0,0,0,0,0,0,0,0,0,0,0,0
LGG,TCGA-LGG,TCGA-HT-7611,Mixed glioma,0,0.29426187513723195,0.0,1,1,1,0,0,0,0,0,0,0,0,0,0,0,0,0,0,0,0,0
LGG,TCGA-LGG,TCGA-DU-A6S8,"Oligodendroglioma, anaplastic",1,0.797848203176462,0.0,1,0,0,0,0,1,0,0,0,0,0,0,0,0,0,0,0,0,0,0
LGG,TCGA-LGG,TCGA-QH-A65V,"Oligodendroglioma, NOS",1,0.38703066676425385,0.0,1,0,0,0,0,1,0,0,0,0,0,0,0,0,0,0,0,0,0,0
LGG,TCGA-LGG,TCGA-TM-A84B,"Astrocytoma, anaplastic",0,0.3534728829686013,0.0,0,0,0,1,0,0,0,0,0,0,0,0,0,0,0,0,0,0,0,0
LGG,TCGA-LGG,TCGA-QH-A6CZ,Mixed glioma,0,0.3196223377003586,0.0,1,0,0,0,0,1,0,0,0,0,1,0,0,0,0,0,0,0,0,0
LGG,TCGA-LGG,TCGA-TM-A84G,"Oligodendroglioma, anaplastic",1,0.5393032276952354,0.0,1,0,0,0,0,0,0,0,0,0,1,0,1,0,0,0,0,0,0,0
LGG,TCGA-LGG,TCGA-DU-8161,Mixed glioma,1,0.6508453487521042,0.0,0,0,0,0,0,0,0,0,0,0,0,0,0,0,0,0,0,0,0,0
LGG,TCGA-LGG,TCGA-HT-7477,"Astrocytoma, anaplastic",0,0.6466003073995461,0.0,1,1,1,0,0,0,0,0,0,0,0,0,0,0,0,0,0,0,0,0
LGG,TCGA-LGG,TCGA-DU-6392,"Astrocytoma, anaplastic",1,0.2768059723340408,0.0,0,1,1,1,1,1,1,1,1,0,1,1,1,1,1,1,1,0,1,1
LGG,TCGA-LGG,TCGA-CS-5393,"Astrocytoma, anaplastic",0,0.33466295835468046,0.0,1,1,0,0,0,0,0,0,0,0,0,0,0,0,1,1,0,0,0,0
LGG,TCGA-LGG,TCGA-S9-A6WO,"Astrocytoma, NOS",0,0.20720193222571914,0.0,1,1,1,0,0,0,0,0,0,0,0,0,0,0,0,0,0,0,0,0
LGG,TCGA-LGG,TCGA-S9-A7R4,"Astrocytoma, anaplastic",0,0.43398228793090815,0.0,1,1,0,0,0,0,0,0,0,0,0,0,0,0,0,1,0,0,0,0
LGG,TCGA-LGG,TCGA-RY-A83X,"Oligodendroglioma, NOS",1,0.4258215618824562,0.0,1,0,0,0,0,1,0,0,0,0,0,0,0,0,0,0,0,0,0,0
LGG,TCGA-LGG,TCGA-HT-7693,"Oligodendroglioma, NOS",1,0.5006221181292541,0.0,1,1,1,0,0,0,0,0,0,0,0,0,0,0,0,0,0,0,0,0
LGG,TCGA-LGG,TCGA-HT-7467,"Oligodendroglioma, NOS",0,0.5367415648100711,0.0,1,0,0,0,0,1,0,0,0,0,0,0,0,0,0,0,0,0,0,0
LGG,TCGA-LGG,TCGA-FG-8186,Mixed glioma,1,0.3716972846373417,0.0,1,0,0,0,0,0,0,0,0,0,0,0,1,0,0,0,0,0,0,0
LGG,TCGA-LGG,TCGA-HW-A5KK,"Astrocytoma, anaplastic",0,0.6661787308790164,0.0,0,0,0,0,0,0,0,0,0,0,0,0,0,0,0,0,0,0,0,0
LGG,TCGA-LGG,TCGA-DB-A75O,"Astrocytoma, anaplastic",0,0.2027739149527923,0.0,1,1,0,0,0,0,0,0,0,0,0,0,0,0,0,0,0,0,0,0
LGG,TCGA-LGG,TCGA-DB-A64W,Mixed glioma,1,0.6827197540803629,0.0,1,0,0,0,0,1,0,1,0,0,0,0,0,1,0,0,0,0,0,0
LGG,TCGA-LGG,TCGA-DB-A4XF,"Astrocytoma, anaplastic",1,0.35834004245041357,0.0,1,1,0,0,0,0,0,0,0,0,0,0,0,0,0,0,0,0,0,0
LGG,TCGA-LGG,TCGA-FG-7638,"Oligodendroglioma, anaplastic",1,0.2289760667496158,0.0,1,0,1,0,0,1,0,0,0,0,0,0,1,0,0,0,0,0,0,0
LGG,TCGA-LGG,TCGA-HT-A74K,"Oligodendroglioma, anaplastic",1,0.5822659737978482,0.0,1,0,0,0,0,0,0,0,0,1,0,0,0,0,0,0,0,0,0,0
LGG,TCGA-LGG,TCGA-HT-8105,"Oligodendroglioma, anaplastic",0,0.5402912976652272,0.0,1,1,0,0,0,1,0,0,0,0,1,0,1,1,0,0,0,0,0,0
LGG,TCGA-LGG,TCGA-S9-A6U6,"Astrocytoma, anaplastic",0,0.1823172070555515,0.0,1,1,1,0,0,0,0,0,0,0,0,0,0,0,0,0,1,0,0,0
LGG,TCGA-LGG,TCGA-FG-A70Y,"Oligodendroglioma, NOS",1,0.07875283612676576,0.0,1,1,1,0,0,0,0,0,0,0,0,0,0,0,0,0,0,0,0,0
LGG,TCGA-LGG,TCGA-F6-A8O3,"Oligodendroglioma, NOS",0,0.26736441484300666,0.6666666666666666,1,0,0,0,0,0,0,0,0,0,0,0,0,0,0,1,0,0,0,0
LGG,TCGA-LGG,TCGA-QH-A65Z,"Oligodendroglioma, NOS",0,0.5358998755763742,0.0,1,0,0,0,0,1,0,0,0,0,0,0,0,0,0,0,0,0,0,0
LGG,TCGA-LGG,TCGA-DU-6397,"Oligodendroglioma, anaplastic",0,0.41791700212252064,0.0,1,0,0,0,0,1,0,0,0,0,1,0,0,0,0,0,0,0,0,0
LGG,TCGA-LGG,TCGA-S9-A6TS,"Astrocytoma, anaplastic",1,0.46040401083217447,0.0,1,1,1,0,0,0,0,0,0,0,0,0,0,0,0,0,0,0,0,0
LGG,TCGA-LGG,TCGA-DH-5142,"Astrocytoma, anaplastic",0,0.19787016028690624,0.0,1,1,1,0,0,0,0,0,0,0,0,0,0,0,0,0,0,0,0,0
LGG,TCGA-LGG,TCGA-P5-A730,Mixed glioma,0,0.10151504062065436,0.0,0,0,0,0,0,0,0,0,0,0,0,0,0,0,0,0,0,1,0,0
LGG,TCGA-LGG,TCGA-TM-A84C,"Astrocytoma, NOS",0,0.24068652565322407,0.0,0,0,0,0,0,0,0,0,1,0,0,0,0,0,0,0,0,0,0,0
LGG,TCGA-LGG,TCGA-TM-A84M,"Oligodendroglioma, anaplastic",0,0.34348239771646055,0.0,1,1,0,0,0,1,1,0,0,0,1,0,0,0,0,0,0,0,0,0
LGG,TCGA-LGG,TCGA-TM-A84O,"Oligodendroglioma, anaplastic",1,0.6238746980897314,0.0,1,0,0,0,0,1,0,0,0,0,0,0,0,0,0,0,0,0,0,0
LGG,TCGA-LGG,TCGA-S9-A7IX,"Astrocytoma, anaplastic",0,0.5788260264949132,0.0,0,0,0,0,1,0,0,0,1,0,0,0,0,0,0,0,0,0,0,0
LGG,TCGA-LGG,TCGA-DU-A76L,"Oligodendroglioma, anaplastic",0,0.5323135475371441,0.0,0,0,0,0,0,0,0,0,1,0,0,0,0,0,0,0,0,0,0,0
LGG,TCGA-LGG,TCGA-QH-A6X8,"Oligodendroglioma, anaplastic",1,0.5669691868550097,0.0,1,0,0,0,0,1,1,0,0,1,0,0,0,0,0,0,0,0,0,0
LGG,TCGA-LGG,TCGA-HW-8319,"Astrocytoma, anaplastic",1,0.26659591597745735,0.0,1,1,1,0,0,0,0,0,0,0,0,0,0,0,0,0,0,0,0,0
LGG,TCGA-LGG,TCGA-DB-A4XE,Mixed glioma,1,0.17858449828002637,0.0,1,1,1,0,0,0,0,0,0,0,0,0,0,0,0,0,0,0,0,0
LGG,TCGA-LGG,TCGA-HT-7677,"Oligodendroglioma, anaplastic",0,0.5245187733294299,0.0,1,0,0,0,0,1,0,0,0,0,1,0,0,0,0,0,0,0,0,0
LGG,TCGA-LGG,TCGA-DH-A7UU,"Astrocytoma, anaplastic",0,0.3938739661860499,0.0,1,1,0,1,0,0,0,0,0,0,0,0,0,0,0,0,0,0,0,0
LGG,TCGA-LGG,TCGA-E1-A7Z6,"Astrocytoma, NOS",1,0.35537583254043764,0.0,1,1,1,0,0,0,0,0,0,0,0,0,0,0,0,0,0,0,0,0
LGG,TCGA-LGG,TCGA-P5-A5F0,"Oligodendroglioma, NOS",0,0.25195784234794705,0.0,1,0,0,0,0,1,0,1,0,0,0,0,1,0,0,0,0,0,0,0
LGG,TCGA-LGG,TCGA-DU-7019,Mixed glioma,0,0.3295762277684256,0.0,1,1,0,0,0,0,0,0,0,0,0,0,0,0,0,1,0,0,0,0
LGG,TCGA-LGG,TCGA-HT-7879,Mixed glioma,0,0.2324160140525507,0.0,1,1,1,0,0,0,0,0,0,0,0,0,0,0,0,0,0,0,0,0
LGG,TCGA-LGG,TCGA-DB-A64L,"Oligodendroglioma, NOS",1,0.71031252287199,0.0,1,0,0,0,0,1,0,0,0,0,1,0,1,0,0,0,0,0,0,0
LGG,TCGA-LGG,TCGA-HT-7469,"Oligodendroglioma, anaplastic",0,0.21320354241381834,0.0,0,1,1,0,0,0,0,0,0,0,0,0,0,0,0,0,0,0,0,1
LGG,TCGA-LGG,TCGA-TM-A84F,"Astrocytoma, anaplastic",0,0.4562687550318378,0.0,1,1,0,0,0,0,0,0,0,0,0,0,0,0,0,0,0,0,0,0
LGG,TCGA-LGG,TCGA-S9-A6TY,"Oligodendroglioma, NOS",0,0.4862768059723341,0.0,0,0,0,0,0,0,0,0,0,0,0,0,0,0,0,0,0,1,0,0
LGG,TCGA-LGG,TCGA-RY-A83Y,"Oligodendroglioma, NOS",0,0.4096830857059211,0.0,1,0,0,0,0,1,0,0,0,0,1,0,0,0,0,0,0,0,0,0
LGG,TCGA-LGG,TCGA-E1-A7YH,"Astrocytoma, anaplastic",1,0.44609529385932817,0.0,1,1,1,0,0,0,0,0,0,0,0,0,0,0,0,0,0,0,0,0
LGG,TCGA-LGG,TCGA-DH-5141,"Oligodendroglioma, anaplastic",0,0.24057674010100277,0.0,0,0,0,0,0,1,0,0,0,0,0,0,0,0,0,0,0,1,0,0
LGG,TCGA-LGG,TCGA-HT-A615,"Oligodendroglioma, NOS",1,0.31541389153187444,0.0,1,0,0,0,0,0,0,0,0,0,1,0,0,0,0,0,0,0,1,0
LGG,TCGA-LGG,TCGA-HT-7676,"Oligodendroglioma, NOS",0,0.16090902437239263,0.0,1,1,1,0,0,0,0,0,0,0,0,0,0,0,0,0,0,0,0,0
LGG,TCGA-LGG,TCGA-HT-7873,Mixed glioma,0,0.20251774866427574,0.0,1,1,0,0,0,0,0,0,0,0,0,0,0,0,0,0,0,0,0,0
LGG,TCGA-LGG,TCGA-HT-7473,Mixed glioma,0,0.18425675181146162,0.0,1,1,1,0,0,0,0,0,0,0,0,0,0,0,0,0,0,0,0,0
LGG,TCGA-LGG,TCGA-DU-6400,"Oligodendroglioma, NOS",1,0.6895264583180853,0.0,1,0,0,0,0,1,0,0,0,0,0,0,1,0,0,0,0,0,0,0
LGG,TCGA-LGG,TCGA-HW-8322,"Oligodendroglioma, NOS",0,0.33942033228427143,0.0,1,0,0,0,0,0,0,0,0,0,0,0,1,0,0,1,0,0,0,0
LGG,TCGA-LGG,TCGA-HT-7480,"Oligodendroglioma, NOS",0,0.25686159701383293,0.0,1,0,0,0,0,1,0,0,0,0,0,0,0,0,0,0,0,0,0,0
LGG,TCGA-LGG,TCGA-DU-7006,"Astrocytoma, anaplastic",1,0.611542121056869,0.0,0,0,0,0,1,0,0,1,0,0,0,0,0,0,0,0,0,0,0,0
LGG,TCGA-LGG,TCGA-P5-A72W,"Astrocytoma, anaplastic",0,0.27724511454292616,0.0,1,1,1,0,0,0,0,0,0,0,0,0,0,0,0,0,0,0,0,0
LGG,TCGA-LGG,TCGA-S9-A7R1,"Oligodendroglioma, NOS",0,0.2765132108614506,0.0,1,0,0,0,0,0,0,0,0,0,0,0,0,0,0,0,0,0,0,0
LGG,TCGA-LGG,TCGA-HT-7684,Mixed glioma,0,0.5882309888018737,0.0,1,0,0,0,0,0,0,0,0,0,0,0,0,0,0,0,0,0,0,0
LGG,TCGA-LGG,TCGA-E1-A7YV,Mixed glioma,1,0.15648100709946572,0.0,1,0,1,0,0,0,0,0,0,0,0,0,0,0,1,0,0,0,0,0
LGG,TCGA-LGG,TCGA-P5-A5F1,"Astrocytoma, NOS",0,0.21221547244382638,0.0,1,1,1,0,0,0,0,0,0,0,0,0,0,0,0,0,0,0,0,0
LGG,TCGA-LGG,TCGA-S9-A6WN,"Astrocytoma, anaplastic",1,0.31793895923296495,0.0,1,0,0,0,1,0,0,1,0,0,0,0,0,0,1,0,0,0,0,0
LGG,TCGA-LGG,TCGA-DU-A7T8,Mixed glioma,0,0.28675986240210793,0.0,1,1,1,0,0,0,0,0,0,0,0,0,0,0,0,0,0,0,0,0
LGG,TCGA-LGG,TCGA-HW-7487,"Oligodendroglioma, NOS",0,0.3389445948913124,0.0,1,0,0,0,0,1,0,0,0,0,1,0,0,0,0,0,0,0,0,0
LGG,TCGA-LGG,TCGA-DU-A7TJ,"Astrocytoma, anaplastic",0,0.5532093976432702,0.3333333333333333,0,0,0,0,0,0,0,0,0,1,0,0,0,0,0,0,0,0,0,0
LGG,TCGA-LGG,TCGA-DU-5855,Mixed glioma,1,0.474200395227988,0.0,1,1,1,0,0,0,0,0,0,0,0,0,0,0,0,0,0,0,0,0
LGG,TCGA-LGG,TCGA-S9-A6TV,Mixed glioma,0,0.4773841762424064,0.0,1,0,1,0,0,0,0,0,0,0,0,0,0,0,0,0,0,0,0,0
LGG,TCGA-LGG,TCGA-DH-A66B,"Astrocytoma, anaplastic",0,0.5079045597599356,0.0,1,1,1,0,0,0,0,0,0,0,0,0,1,0,0,0,0,0,0,0
LGG,TCGA-LGG,TCGA-HT-8104,"Astrocytoma, anaplastic",1,0.49301031984190874,0.0,0,0,0,1,1,0,0,0,0,0,0,0,0,0,0,0,0,0,0,0
LGG,TCGA-LGG,TCGA-FG-A87Q,"Astrocytoma, anaplastic",1,0.63258435189929,0.0,0,0,0,0,1,0,0,0,0,0,0,0,0,0,0,0,0,0,0,0
LGG,TCGA-LGG,TCGA-P5-A733,"Astrocytoma, NOS",1,0.5073922271829028,0.0,1,1,1,0,0,0,0,0,0,0,0,0,0,0,0,0,0,0,0,0
LGG,TCGA-LGG,TCGA-E1-A7Z4,"Astrocytoma, NOS",0,0.2772817097269999,0.0,1,1,1,0,0,0,0,0,0,0,0,0,0,0,0,0,0,0,0,0
LGG,TCGA-LGG,TCGA-EZ-7264,"Oligodendroglioma, NOS",1,0.4448876527848937,0.0,1,0,0,0,0,1,0,0,0,0,1,0,0,0,0,0,0,0,0,0
LGG,TCGA-LGG,TCGA-S9-A7QY,Mixed glioma,1,0.27742809046329503,0.0,0,0,0,0,0,0,0,0,0,0,0,0,0,0,0,0,0,1,0,0
LGG,TCGA-LGG,TCGA-DU-6396,Mixed glioma,1,0.22527995315816435,0.0,1,1,1,0,0,0,0,0,0,0,0,0,0,0,0,0,0,0,0,0
LGG,TCGA-LGG,TCGA-FG-7641,"Oligodendroglioma, NOS",0,0.2227182902730001,0.0,1,0,0,0,0,1,0,0,0,0,0,0,0,0,0,0,1,0,0,0
LGG,TCGA-LGG,TCGA-HT-7471,"Oligodendroglioma, anaplastic",1,0.30341067115567594,0.0,1,0,0,0,0,1,0,0,0,0,1,0,0,0,0,0,0,0,0,0
LGG,TCGA-LGG,TCGA-HT-7470,"Oligodendroglioma, anaplastic",0,0.30513064480714336,0.0,1,1,1,0,0,0,0,0,0,0,0,0,1,0,0,0,0,0,0,0
LGG,TCGA-LGG,TCGA-QH-A6CU,"Oligodendroglioma, anaplastic",1,0.5076483934714191,0.0,1,0,0,0,0,0,0,0,0,0,0,0,0,0,0,0,0,0,0,0
LGG,TCGA-LGG,TCGA-HT-7485,"Astrocytoma, NOS",0,0.3774793237209983,0.0,1,1,1,0,0,0,0,0,0,0,0,0,0,0,0,0,0,0,0,0
LGG,TCGA-LGG,TCGA-TQ-A7RW,Mixed glioma,0,0.2390397423699041,0.0,1,1,0,0,0,0,0,0,0,0,0,0,0,0,0,0,0,0,0,0
LGG,TCGA-LGG,TCGA-HT-7608,Mixed glioma,0,0.6229598184878868,0.3333333333333333,1,0,0,0,0,1,0,0,1,0,1,0,0,0,0,0,0,0,0,0
LGG,TCGA-LGG,TCGA-R8-A73M,"Oligodendroglioma, NOS",1,0.4513650003659519,0.0,1,0,0,0,0,1,0,0,0,0,0,0,0,0,0,0,0,0,0,0
LGG,TCGA-LGG,TCGA-HT-A74O,"Astrocytoma, anaplastic",0,0.26304618312230116,0.0,1,1,1,0,0,0,1,0,0,0,0,0,0,0,0,0,0,0,0,0
LGG,TCGA-LGG,TCGA-HT-7468,"Oligodendroglioma, anaplastic",0,0.21730220303008124,0.0,1,0,0,0,0,1,0,1,0,0,0,0,0,0,0,0,0,0,0,0
LGG,TCGA-LGG,TCGA-HT-7880,Mixed glioma,0,0.21122740247383442,0.0,1,1,1,0,0,0,0,0,1,0,0,0,0,0,0,0,0,0,0,0
LGG,TCGA-LGG,TCGA-HT-7858,"Astrocytoma, NOS",0,0.1885017931640196,0.0,1,1,1,0,0,0,0,0,0,0,0,0,0,0,0,0,0,0,0,0
LGG,TCGA-LGG,TCGA-HT-A614,Mixed glioma,0,0.4434238454219424,0.0,1,1,1,0,0,0,0,0,0,0,0,0,0,0,0,1,0,0,0,0
LGG,TCGA-LGG,TCGA-HW-7491,"Oligodendroglioma, NOS",0,0.27819658932884433,0.0,0,0,0,0,0,1,0,1,0,0,0,0,0,0,0,0,0,1,0,0
LGG,TCGA-LGG,TCGA-FG-5963,"Astrocytoma, anaplastic",0,0.12083729781160801,0.0,0,1,1,0,0,0,0,0,1,0,0,0,0,0,0,0,0,0,0,0
LGG,TCGA-LGG,TCGA-DH-A7UV,"Astrocytoma, anaplastic",0,0.47152894679060237,0.0,1,1,1,1,0,0,0,0,0,0,0,0,0,1,0,0,0,0,0,0
LGG,TCGA-LGG,TCGA-TQ-A7RG,Mixed glioma,0,0.2910780941228135,0.0,1,0,0,0,0,1,0,0,0,0,0,0,0,0,0,0,0,0,0,0
LGG,TCGA-LGG,TCGA-HT-A61B,"Astrocytoma, anaplastic",0,0.1122008343701969,0.0,1,1,0,0,0,0,0,0,0,0,0,0,0,0,0,0,0,0,0,0
LGG,TCGA-LGG,TCGA-E1-A7YU,Mixed glioma,0,0.368550098806997,0.0,1,1,0,0,0,0,0,0,0,0,0,0,0,0,0,0,0,0,0,0
LGG,TCGA-LGG,TCGA-QH-A65X,Mixed glioma,1,0.1891605064773475,0.0,0,0,0,0,0,1,0,0,0,0,0,0,0,0,0,0,0,1,0,0
LGG,TCGA-LGG,TCGA-VM-A8CE,"Oligodendroglioma, NOS",0,0.1497840884139648,0.0,1,0,0,0,0,1,0,0,0,0,0,0,0,0,0,0,0,0,0,0
LGG,TCGA-LGG,TCGA-TQ-A7RP,Mixed glioma,0,0.6890507209251262,0.3333333333333333,0,0,0,1,0,0,0,0,1,0,0,0,0,0,0,0,0,0,0,0
LGG,TCGA-LGG,TCGA-E1-A7YL,"Astrocytoma, anaplastic",0,0.42841981995169437,0.0,0,1,0,0,0,0,0,0,0,0,0,0,0,0,0,0,0,0,0,0
LGG,TCGA-LGG,TCGA-DU-8158,"Astrocytoma, anaplastic",1,0.5800702627534216,0.0,0,0,0,1,1,0,0,0,0,0,0,0,0,0,0,0,0,0,0,0
LGG,TCGA-LGG,TCGA-HT-7692,Mixed glioma,0,0.3825294591231793,0.0,1,0,0,0,0,0,0,1,0,0,0,0,0,0,0,0,0,0,0,0
LGG,TCGA-LGG,TCGA-FG-7643,Mixed glioma,1,0.4731757300739224,0.0,0,0,0,0,0,0,0,0,0,0,0,0,0,0,0,0,0,0,0,0
LGG,TCGA-LGG,TCGA-DB-5273,"Astrocytoma, anaplastic",0,0.25177486642757807,0.0,1,1,1,0,0,0,0,0,0,0,0,0,0,0,0,0,0,0,0,0
LGG,TCGA-LGG,TCGA-TQ-A7RV,"Astrocytoma, NOS",0,0.17920661640928048,0.0,1,1,1,0,0,0,0,0,0,0,0,0,0,0,0,1,0,0,0,0
LGG,TCGA-LGG,TCGA-DU-A5TU,"Astrocytoma, NOS",1,0.6415867671814388,0.0,1,1,1,0,0,0,0,0,0,0,0,0,0,0,0,0,0,0,0,0
LGG,TCGA-LGG,TCGA-DB-A75K,Mixed glioma,1,0.5476103344799823,0.0,1,0,0,0,0,1,0,0,1,0,1,0,1,0,0,0,0,0,0,0
LGG,TCGA-LGG,TCGA-TQ-A7RI,"Oligodendroglioma, NOS",1,0.3120105394130132,0.0,1,0,0,0,0,1,0,0,0,0,0,0,0,0,0,0,0,0,0,0
LGG,TCGA-LGG,TCGA-FG-8185,"Astrocytoma, anaplastic",0,0.3054965966478811,0.0,1,1,1,0,0,0,0,0,0,0,0,0,0,0,0,0,0,0,0,0
LGG,TCGA-LGG,TCGA-HT-8111,Mixed glioma,0,0.2392593134743468,0.0,1,1,0,0,0,0,0,0,0,0,0,0,0,0,0,0,0,0,0,0
LGG,TCGA-LGG,TCGA-TQ-A7RR,Mixed glioma,0,0.3201712654614652,0.0,1,1,1,0,0,0,0,0,0,0,0,0,0,0,0,0,0,0,0,0
LGG,TCGA-LGG,TCGA-TQ-A8XE,"Oligodendroglioma, NOS",1,0.37894313108394934,0.0,1,1,0,0,0,0,0,1,0,0,0,0,0,0,0,0,0,0,0,0
LGG,TCGA-LGG,TCGA-HT-A617,"Oligodendroglioma, NOS",0,0.4411915391934422,1.0,0,0,0,0,0,0,0,0,0,0,0,0,0,0,0,0,0,0,0,0
LGG,TCGA-LGG,TCGA-DB-A64V,"Oligodendroglioma, NOS",0,0.5369611359145137,0.0,1,0,0,0,0,1,0,1,0,0,1,0,0,0,0,0,0,0,0,0
LGG,TCGA-LGG,TCGA-DU-8166,Mixed glioma,1,0.1965161384761765,0.0,1,1,1,0,0,0,0,0,0,0,0,0,0,0,0,0,0,0,0,0
LGG,TCGA-LGG,TCGA-TM-A7C4,"Astrocytoma, NOS",1,0.34143306740832907,0.0,1,1,1,0,0,0,0,0,0,0,0,0,0,0,0,0,0,0,0,0
LGG,TCGA-LGG,TCGA-FG-7634,"Oligodendroglioma, NOS",0,0.19047793310400357,0.0,1,0,0,0,0,1,0,1,0,0,0,0,0,0,0,0,0,0,0,0
LGG,TCGA-LGG,TCGA-QH-A6XA,Mixed glioma,1,0.11853180121496015,0.0,1,1,1,0,0,0,0,0,0,0,0,0,0,0,0,0,0,0,0,0
LGG,TCGA-LGG,TCGA-HT-7602,"Oligodendroglioma, NOS",0,0.09796530776549806,0.0,1,1,0,0,0,0,0,0,0,0,0,0,0,0,0,0,0,0,0,0
LGG,TCGA-LGG,TCGA-S9-A6TU,"Astrocytoma, NOS",0,0.32331845129180997,0.0,1,1,0,0,0,0,0,0,0,0,0,0,0,0,0,0,0,0,0,0
LGG,TCGA-LGG,TCGA-DH-A66G,"Oligodendroglioma, anaplastic",1,0.47291956378540584,0.0,1,1,1,0,0,0,0,0,0,0,0,0,0,0,0,0,0,0,0,0
LGG,TCGA-LGG,TCGA-TQ-A7RQ,"Oligodendroglioma, NOS",1,0.3262094708336383,0.0,1,0,0,0,0,1,0,0,0,0,0,0,0,1,0,0,0,0,0,0
LGG,TCGA-LGG,TCGA-HT-A74L,Mixed glioma,1,0.10872429188318822,0.0,1,0,0,0,0,0,1,0,0,0,0,0,0,0,0,0,0,0,0,0
LGG,TCGA-LGG,TCGA-HT-7475,Mixed glioma,0,0.7101661421356948,0.0,1,1,1,0,0,0,0,0,0,0,0,0,0,0,0,0,0,0,0,0
LGG,TCGA-LGG,TCGA-QH-A6X9,"Oligodendroglioma, NOS",1,0.7944814462416745,0.0,1,1,1,0,0,0,0,0,0,0,0,0,0,0,0,0,0,0,0,0
LGG,TCGA-LGG,TCGA-IK-8125,Mixed glioma,0,0.6391714850325696,0.0,1,0,0,0,0,1,0,0,0,0,0,0,1,0,0,0,0,0,0,0
LGG,TCGA-LGG,TCGA-S9-A6WQ,Mixed glioma,1,0.5802166434897167,0.0,1,1,1,0,0,0,0,0,0,0,0,0,0,0,0,0,0,0,0,0
LGG,TCGA-LGG,TCGA-DH-5143,Mixed glioma,0,0.22030300812413084,0.0,1,1,0,0,0,0,0,0,0,0,0,0,0,0,0,0,0,0,0,0
LGG,TCGA-LGG,TCGA-DB-A64S,Mixed glioma,0,0.07758179023640493,0.0,1,1,1,0,0,0,0,0,0,0,0,0,0,0,0,0,0,0,0,0
LGG,TCGA-LGG,TCGA-P5-A5EX,"Oligodendroglioma, anaplastic",1,0.3592549220522579,0.0,1,0,0,0,0,0,0,0,0,0,0,0,0,0,0,0,0,0,0,0
LGG,TCGA-LGG,TCGA-DU-7294,"Oligodendroglioma, NOS",1,0.5247383444338725,0.0,1,0,0,0,0,1,0,0,0,0,0,0,0,0,0,1,0,0,0,0
LGG,TCGA-LGG,TCGA-E1-5305,"Astrocytoma, anaplastic",0,0.27018224401668745,0.0,1,1,1,0,0,0,0,0,0,0,0,0,0,0,0,0,0,0,0,0
LGG,TCGA-LGG,TCGA-CS-6665,"Astrocytoma, anaplastic",1,0.5013906169948035,0.0,1,1,0,0,0,0,0,0,0,0,0,0,0,0,0,0,0,0,0,0
LGG,TCGA-LGG,TCGA-HT-7601,"Astrocytoma, anaplastic",1,0.20925126253385057,0.0,1,1,0,0,0,0,0,0,0,0,0,0,0,0,0,0,0,0,0,0
LGG,TCGA-LGG,TCGA-HT-8110,"Astrocytoma, anaplastic",0,0.5820464026934056,0.0,0,0,0,1,1,0,0,0,0,0,0,0,0,0,0,0,0,0,0,0
LGG,TCGA-LGG,TCGA-TM-A84L,Mixed glioma,0,0.22787821122740254,0.0,1,1,1,0,0,0,0,0,0,0,0,0,0,0,0,0,0,0,0,0
GBM,TCGA-GBM,TCGA-14-1450,Glioblastoma,1,0.5738856766449534,0.3333333333333333,0,0,0,0,0,0,0,0,0,0,0,0,0,0,0,0,0,0,0,0
GBM,TCGA-GBM,TCGA-12-0819,Glioblastoma,1,0.47149235160652864,0.3333333333333333,0,0,0,0,0,0,0,0,0,1,0,0,0,0,0,0,0,0,0,0
GBM,TCGA-GBM,TCGA-32-1991,Glioblastoma,0,0.6126765717631559,0.0,0,0,0,1,0,0,0,0,0,1,0,0,0,0,0,0,0,0,0,0
GBM,TCGA-GBM,TCGA-76-6660,Glioblastoma,0,0.7915904266998461,0.0,0,1,0,1,0,0,0,0,0,0,0,0,0,0,1,0,0,0,0,0
GBM,TCGA-GBM,TCGA-76-6285,Glioblastoma,1,0.6731318158530337,0.0,0,0,0,0,0,0,0,0,0,0,0,0,0,0,0,0,0,0,0,0
GBM,TCGA-GBM,TCGA-81-5911,Glioblastoma,0,0.25689819219790677,0.0,0,0,0,1,1,0,0,0,0,0,0,1,0,0,1,0,0,0,0,0
GBM,TCGA-GBM,TCGA-28-5220,Glioblastoma,0,0.7078240503549733,0.0,0,0,0,0,0,0,0,0,0,0,0,0,0,0,0,0,0,0,0,0
GBM,TCGA-GBM,TCGA-06-0876,Glioblastoma,1,0.7717924321159335,0.3333333333333333,0,1,0,1,1,0,0,0,0,0,0,0,0,1,0,0,0,0,0,0
GBM,TCGA-GBM,TCGA-14-0787,Glioblastoma,0,0.7335504647588378,0.6666666666666666,0,0,0,0,0,0,0,0,0,0,0,0,0,0,0,0,0,0,0,0
GBM,TCGA-GBM,TCGA-06-0939,Glioblastoma,1,0.8640122959818486,0.0,0,0,0,0,0,0,0,0,0,0,0,1,0,0,0,0,0,0,0,0
GBM,TCGA-GBM,TCGA-06-0152,Glioblastoma,0,0.7159115860352778,0.0,0,0,0,0,0,0,1,0,0,0,0,0,0,0,0,0,0,0,0,0
GBM,TCGA-GBM,TCGA-32-1982,Glioblastoma,1,0.8226963331625556,0.0,0,0,0,1,1,0,1,0,0,0,0,0,0,0,0,0,0,0,0,0
GBM,TCGA-GBM,TCGA-32-2634,Glioblastoma,0,0.9031691429407889,0.0,0,1,0,1,0,0,0,0,0,1,0,1,0,0,0,0,0,0,0,0
GBM,TCGA-GBM,TCGA-76-4927,Glioblastoma,0,0.5824123545341433,0.0,0,0,0,1,1,0,0,0,0,0,0,0,0,0,0,0,0,0,0,0
GBM,TCGA-GBM,TCGA-19-5950,Glioblastoma,1,0.5111249359584278,0.0,0,0,0,0,0,0,0,0,0,0,0,0,0,0,0,0,0,0,0,0
GBM,TCGA-GBM,TCGA-06-1804,Glioblastoma,1,0.8972407231208372,0.0,0,0,0,1,1,0,0,0,0,0,0,0,0,0,0,0,1,0,0,0
GBM,TCGA-GBM,TCGA-19-2631,Glioblastoma,1,0.8020932445290201,0.0,0,0,0,0,0,0,1,0,0,0,0,0,0,0,0,0,0,0,0,1
GBM,TCGA-GBM,TCGA-12-3649,Glioblastoma,0,0.8256971382566054,0.0,0,0,0,1,0,0,0,0,0,0,0,0,0,0,0,0,0,0,0,0
GBM,TCGA-GBM,TCGA-14-1829,Glioblastoma,0,0.5727512259386665,0.3333333333333333,0,0,0,0,0,0,0,0,0,0,0,0,0,0,0,0,0,0,0,0
GBM,TCGA-GBM,TCGA-27-1833,Glioblastoma,1,0.7067261948327599,0.0,0,0,0,0,0,0,0,0,0,0,0,0,0,0,0,0,0,0,1,0
GBM,TCGA-GBM,TCGA-76-6282,Glioblastoma,0,0.6603235014272122,0.0,0,0,0,0,1,0,1,0,0,0,0,0,0,0,0,0,1,0,0,0
GBM,TCGA-GBM,TCGA-06-6388,Glioblastoma,1,0.6674595623215984,0.0,0,0,1,0,0,0,0,0,0,1,0,0,0,0,0,0,0,0,0,0
GBM,TCGA-GBM,TCGA-32-1979,Glioblastoma,1,0.7308424211373783,0.0,0,0,0,0,1,0,0,1,0,0,0,0,0,0,0,0,0,0,0,0
GBM,TCGA-GBM,TCGA-32-5222,Glioblastoma,0,0.6899656005269708,0.0,0,0,0,1,0,0,0,0,0,0,0,0,0,0,0,0,0,0,0,0
GBM,TCGA-GBM,TCGA-02-0033,Glioblastoma,0,0.5413525580033667,0.0,0,1,0,0,0,0,0,1,0,0,0,1,0,0,0,0,0,0,0,0
GBM,TCGA-GBM,TCGA-12-0818,Glioblastoma,1,0.4168557417843812,0.0,1,1,1,0,0,0,0,0,0,0,0,0,0,1,0,0,0,0,0,0
GBM,TCGA-GBM,TCGA-27-1837,Glioblastoma,0,0.29623801507721587,0.0,0,0,0,1,0,0,0,0,0,0,0,0,0,0,0,0,0,0,0,0
GBM,TCGA-GBM,TCGA-12-0618,Glioblastoma,0,0.46823538022396244,0.0,0,1,0,0,0,0,0,0,0,0,0,0,0,0,0,0,0,0,0,0
GBM,TCGA-GBM,TCGA-28-2513,Glioblastoma,1,0.7370270072458462,0.0,0,0,0,1,0,0,1,0,0,1,0,0,0,0,0,0,0,0,0,0
GBM,TCGA-GBM,TCGA-06-5408,Glioblastoma,1,0.5410963917148504,0.0,0,0,0,0,0,0,1,0,1,0,0,0,0,0,0,0,0,0,0,0
GBM,TCGA-GBM,TCGA-76-6662,Glioblastoma,0,0.594049623069604,0.0,0,1,0,1,0,0,0,0,0,1,0,1,0,0,0,0,0,0,0,0
GBM,TCGA-GBM,TCGA-12-3648,Glioblastoma,1,0.628851643123765,0.0,0,0,0,0,0,0,0,0,0,0,0,0,0,0,0,0,0,0,0,0
GBM,TCGA-GBM,TCGA-81-5910,Glioblastoma,0,0.6692161311571396,0.0,0,0,0,1,1,0,0,0,0,0,0,0,0,0,0,0,0,0,0,0
GBM,TCGA-GBM,TCGA-15-0742,Glioblastoma,0,0.6868916050647735,0.0,0,0,0,0,1,0,1,1,0,0,0,0,0,0,1,0,0,0,0,0
GBM,TCGA-GBM,TCGA-06-5415,Glioblastoma,0,0.619702847105321,0.0,0,0,0,0,0,0,0,0,0,0,0,0,0,0,0,0,0,0,0,0
GBM,TCGA-GBM,TCGA-12-1088,Glioblastoma,1,0.5266046988216351,0.0,0,1,0,0,0,0,0,0,0,0,0,0,0,0,0,0,0,0,0,0
GBM,TCGA-GBM,TCGA-19-A60I,Glioblastoma,0,0.3353582668520823,0.3333333333333333,0,0,0,0,0,0,0,0,0,0,0,1,0,0,0,0,0,0,0,0
GBM,TCGA-GBM,TCGA-12-1092,Glioblastoma,0,0.5903901046622264,0.0,0,1,0,1,0,0,0,0,0,0,0,1,0,0,0,0,1,0,0,0
GBM,TCGA-GBM,TCGA-19-1790,Glioblastoma,0,0.5616628851643124,0.0,0,0,0,0,0,0,0,1,0,0,0,0,0,0,0,0,0,0,0,0
GBM,TCGA-GBM,TCGA-14-0812,Glioblastoma,0,0.6881724365073556,0.0,0,1,0,0,0,0,0,0,0,0,0,1,0,0,0,0,0,0,0,0
GBM,TCGA-GBM,TCGA-16-1460,Glioblastoma,1,0.2903827856254117,0.0,1,1,1,0,0,0,0,0,0,0,0,0,0,0,0,0,0,0,0,0
GBM,TCGA-GBM,TCGA-28-5204,Glioblastoma,0,0.7761106638366391,0.0,0,0,0,0,0,0,0,0,0,0,0,0,0,0,0,0,0,0,0,0
GBM,TCGA-GBM,TCGA-41-3915,Glioblastoma,0,0.46124570006587134,0.0,0,1,0,1,0,0,0,0,0,1,0,0,0,0,0,0,0,0,0,0
GBM,TCGA-GBM,TCGA-14-1451,Glioblastoma,0,0.3340408402254263,0.0,0,0,0,1,0,0,1,0,0,0,0,0,0,0,0,0,0,0,0,0
GBM,TCGA-GBM,TCGA-06-1084,Glioblastoma,0,0.535094781526751,0.3333333333333333,0,0,0,1,0,0,1,0,1,0,0,0,0,0,0,0,1,0,0,0
GBM,TCGA-GBM,TCGA-06-0125,Glioblastoma,1,0.6610554051086874,0.0,0,0,0,1,1,0,1,0,0,0,0,0,0,0,0,0,0,0,0,0
GBM,TCGA-GBM,TCGA-76-6656,Glioblastoma,0,0.6947595696406352,0.3333333333333333,0,0,0,0,1,0,1,0,0,1,0,0,0,0,0,0,0,0,0,0
GBM,TCGA-GBM,TCGA-14-2554,Glioblastoma,1,0.5054892776110664,0.0,0,0,0,0,1,0,0,0,0,0,0,0,0,0,0,0,0,0,0,0
GBM,TCGA-GBM,TCGA-06-A7TK,Glioblastoma,0,0.6731318158530337,0.3333333333333333,0,0,0,0,0,1,1,0,0,0,0,0,0,0,0,0,0,0,0,0
GBM,TCGA-GBM,TCGA-41-2571,Glioblastoma,0,1.0,0.0,0,0,0,1,0,0,0,0,0,0,0,0,0,0,0,0,0,0,0,0
GBM,TCGA-GBM,TCGA-76-6661,Glioblastoma,0,0.5375100636756203,0.0,0,0,0,1,0,0,0,0,0,0,0,0,0,0,0,0,0,0,0,0
GBM,TCGA-GBM,TCGA-28-6450,Glioblastoma,0,0.618385420478665,0.0,0,0,0,0,0,0,0,1,1,0,0,0,0,0,0,0,0,0,0,0
GBM,TCGA-GBM,TCGA-28-2509,Glioblastoma,1,0.840115640781673,0.0,0,1,0,0,0,0,1,0,0,0,0,0,0,0,0,0,0,0,0,0
GBM,TCGA-GBM,TCGA-14-0862,Glioblastoma,0,0.6184586108468126,0.0,0,0,0,0,0,0,1,0,0,1,0,0,0,0,0,0,0,0,0,0
GBM,TCGA-GBM,TCGA-32-2632,Glioblastoma,0,0.8781746322183999,0.0,0,0,0,0,1,0,0,0,0,0,0,1,0,0,0,0,1,0,0,0
GBM,TCGA-GBM,TCGA-19-2624,Glioblastoma,0,0.49824343116445885,0.0,0,0,0,0,1,0,0,0,0,0,0,0,0,0,0,0,0,0,0,0
GBM,TCGA-GBM,TCGA-06-0686,Glioblastoma,0,0.5206030886335358,0.0,0,0,0,0,0,0,1,0,0,0,0,0,0,0,0,0,0,0,0,0
GBM,TCGA-GBM,TCGA-06-0750,Glioblastoma,0,0.3931786576886482,0.0,0,0,0,0,1,0,0,0,0,1,0,0,0,0,0,0,0,0,0,0
GBM,TCGA-GBM,TCGA-14-3476,Glioblastoma,0,0.8010685793749541,0.0,0,0,0,0,0,0,1,0,0,0,0,0,0,0,0,1,0,0,0,0
GBM,TCGA-GBM,TCGA-06-0209,Glioblastoma,0,0.8268315889628923,0.0,0,0,0,0,0,0,1,0,0,0,0,0,0,0,0,0,0,0,0,0
GBM,TCGA-GBM,TCGA-06-0132,Glioblastoma,0,0.47021152016394635,0.0,0,0,0,0,0,0,0,0,0,0,0,0,0,0,0,0,0,0,0,0
GBM,TCGA-GBM,TCGA-12-0656,Glioblastoma,1,0.4606967723047645,0.3333333333333333,0,0,0,1,1,0,0,0,1,0,0,0,0,0,0,0,0,0,0,0
GBM,TCGA-GBM,TCGA-26-1799,Glioblastoma,0,0.7278782112274025,0.0,0,0,0,0,0,0,0,0,0,0,0,0,0,0,0,0,0,0,1,0
GBM,TCGA-GBM,TCGA-14-0871,Glioblastoma,1,0.8089365439508158,0.0,0,1,0,0,0,0,0,0,1,0,0,0,0,0,0,0,0,0,0,0
GBM,TCGA-GBM,TCGA-12-0657,Glioblastoma,0,0.7367342457732562,0.0,0,0,0,0,1,0,0,0,0,0,0,0,0,0,0,0,0,0,0,0
GBM,TCGA-GBM,TCGA-19-1786,Glioblastoma,1,0.6692527263412136,0.6666666666666666,0,0,0,0,0,0,0,0,0,0,0,0,0,0,0,0,0,0,0,0
GBM,TCGA-GBM,TCGA-06-6390,Glioblastoma,0,0.5873527043841029,0.0,0,0,0,0,0,0,0,0,0,0,0,0,0,0,0,0,0,0,0,0
GBM,TCGA-GBM,TCGA-28-5219,Glioblastoma,1,0.4383737100197614,0.0,0,1,0,0,0,0,0,0,0,0,0,0,0,0,0,0,0,0,0,0
GBM,TCGA-GBM,TCGA-14-1455,Glioblastoma,0,0.6324745663470686,0.0,0,0,0,0,1,0,0,0,0,0,0,0,0,0,0,0,0,0,0,1
GBM,TCGA-GBM,TCGA-41-2575,Glioblastoma,0,0.8162555807655711,0.0,0,1,0,0,0,0,0,0,0,0,0,0,0,0,0,0,0,0,0,0
GBM,TCGA-GBM,TCGA-28-5216,Glioblastoma,0,0.5109419600380589,0.0,0,1,0,1,0,0,0,0,0,0,0,0,0,0,0,0,0,0,0,0
GBM,TCGA-GBM,TCGA-26-A7UX,Glioblastoma,0,0.4424357754519505,0.3333333333333333,0,0,0,1,0,0,0,0,0,0,0,0,0,0,0,0,0,0,0,0
GBM,TCGA-GBM,TCGA-06-A5U0,Glioblastoma,1,0.09840444997438341,0.3333333333333333,0,1,1,0,0,0,0,0,0,0,0,0,0,0,0,0,0,0,0,0
GBM,TCGA-GBM,TCGA-32-1980,Glioblastoma,0,0.7752689746029422,0.0,0,0,0,0,0,0,0,0,1,0,0,0,0,0,0,0,0,0,1,0
GBM,TCGA-GBM,TCGA-19-4068,Glioblastoma,1,0.7196076996267291,0.0,0,0,0,0,0,0,0,0,0,0,0,0,0,0,0,0,0,0,0,0
GBM,TCGA-GBM,TCGA-06-0744,Glioblastoma,0,0.7022981775598331,0.0,0,1,0,0,0,0,0,0,0,0,0,0,0,0,0,0,0,0,0,0
GBM,TCGA-GBM,TCGA-76-4935,Glioblastoma,1,0.5106491985654689,0.0,0,0,0,1,0,0,0,0,0,0,0,0,0,0,0,0,0,0,0,0
GBM,TCGA-GBM,TCGA-26-5133,Glioblastoma,0,0.5958427870892191,0.0,0,1,0,0,0,0,0,0,1,0,0,0,0,0,0,0,0,0,0,0
GBM,TCGA-GBM,TCGA-41-5651,Glioblastoma,1,0.6008929224914001,0.3333333333333333,0,1,0,0,0,0,1,1,0,0,0,0,0,0,0,0,0,0,0,0
GBM,TCGA-GBM,TCGA-19-1787,Glioblastoma,0,0.4617580326429041,0.0,0,1,1,1,0,0,0,0,0,0,0,0,0,0,0,0,1,1,0,0
GBM,TCGA-GBM,TCGA-28-1745,Glioblastoma,0,0.8246358779184659,0.0,0,0,0,1,1,0,0,0,0,0,0,0,0,0,0,0,0,0,0,0
GBM,TCGA-GBM,TCGA-28-5213,Glioblastoma,0,0.7761472590207128,0.0,0,0,0,0,1,0,1,0,0,0,0,0,0,0,0,0,1,0,0,0
GBM,TCGA-GBM,TCGA-32-2638,Glioblastoma,0,0.7091414769816293,0.0,0,0,0,0,0,0,1,0,0,0,0,0,0,0,0,0,0,0,0,0
GBM,TCGA-GBM,TCGA-19-1791,Glioblastoma,1,0.9068652565322404,0.0,0,0,0,0,0,0,0,0,0,0,0,0,0,0,0,0,0,0,0,0
GBM,TCGA-GBM,TCGA-06-6693,Glioblastoma,1,0.6698748444704676,0.0,0,0,0,0,0,0,0,0,0,0,0,0,0,0,0,0,0,0,0,0
GBM,TCGA-GBM,TCGA-06-1087,Glioblastoma,0,0.8188538388348092,0.0,0,1,0,0,0,0,0,0,0,0,0,1,0,0,0,0,0,0,0,0
GBM,TCGA-GBM,TCGA-76-4928,Glioblastoma,1,0.9508160726048451,0.0,0,0,0,0,0,0,0,1,0,0,0,0,0,0,0,0,1,0,0,0
GBM,TCGA-GBM,TCGA-32-4210,Glioblastoma,0,0.7862841250091488,0.0,0,1,0,1,0,0,0,0,0,0,0,0,0,0,0,0,0,0,0,0
GBM,TCGA-GBM,TCGA-06-5412,Glioblastoma,1,0.8592183268681841,0.0,0,0,0,1,0,0,0,0,1,0,0,0,0,0,0,0,0,0,0,0
GBM,TCGA-GBM,TCGA-06-5417,Glioblastoma,1,0.4134157944814462,0.0,1,1,1,0,0,0,0,1,0,0,0,0,0,0,0,0,0,0,0,0
GBM,TCGA-GBM,TCGA-28-1752,Glioblastoma,1,0.3766010393032277,0.0,0,1,0,0,1,0,0,0,0,0,0,1,0,0,0,0,0,0,0,0
GBM,TCGA-GBM,TCGA-06-0747,Glioblastoma,0,0.5262387469808973,0.0,0,0,0,0,1,0,0,0,0,0,0,0,0,0,0,0,0,0,0,0
GBM,TCGA-GBM,TCGA-06-0169,Glioblastoma,0,0.7262680231281564,0.0,0,0,0,0,0,0,1,0,0,0,0,0,0,0,0,0,0,0,0,0
GBM,TCGA-GBM,TCGA-26-1442,Glioblastoma,0,0.3906901851716314,0.0,1,1,0,0,0,0,0,0,0,0,0,0,0,0,0,0,0,0,0,0
GBM,TCGA-GBM,TCGA-28-2499,Glioblastoma,0,0.6060162482617288,0.0,0,0,0,0,0,0,0,0,0,0,0,0,0,0,0,0,0,0,0,0
GBM,TCGA-GBM,TCGA-27-2518,Glioblastoma,0,0.5069530849740174,0.0,0,0,0,0,0,0,0,0,0,0,0,0,0,0,0,0,1,0,0,0
GBM,TCGA-GBM,TCGA-06-0216,Glioblastoma,1,0.6310839493522651,0.0,0,0,0,1,0,0,1,0,0,0,0,0,0,0,0,0,0,0,0,0
GBM,TCGA-GBM,TCGA-28-1750,Glioblastoma,1,0.3492278416160433,0.0,0,0,0,1,0,0,0,0,0,0,0,0,0,0,0,0,0,0,0,0
GBM,TCGA-GBM,TCGA-06-0137,Glioblastoma,1,0.6584937422235233,0.0,0,0,0,0,1,0,0,0,0,0,0,0,0,0,1,0,0,0,0,0
GBM,TCGA-GBM,TCGA-06-0184,Glioblastoma,0,0.6601039303227696,0.0,0,1,0,1,0,0,0,0,1,0,0,0,0,0,0,0,0,0,0,0
GBM,TCGA-GBM,TCGA-19-2620,Glioblastoma,0,0.7459562321598476,0.0,0,0,0,0,1,0,0,0,0,0,0,0,0,0,0,0,0,0,0,0
GBM,TCGA-GBM,TCGA-41-2573,Glioblastoma,0,0.6086876966991144,0.0,0,0,0,1,0,0,0,0,0,0,0,0,0,0,0,0,0,0,0,0
GBM,TCGA-GBM,TCGA-27-2524,Glioblastoma,0,0.5590646270950743,0.0,0,0,0,1,0,0,1,0,0,0,0,0,0,0,0,0,0,0,0,0
GBM,TCGA-GBM,TCGA-06-0190,Glioblastoma,0,0.6424650515992094,0.0,0,1,0,1,0,0,0,0,1,0,0,0,0,0,0,0,0,0,0,0
GBM,TCGA-GBM,TCGA-12-0773,Glioblastoma,0,0.1309741638000439,0.0,0,1,1,0,0,0,0,0,0,0,0,0,0,0,0,0,0,0,0,0
GBM,TCGA-GBM,TCGA-06-2563,Glioblastoma,1,0.7817097269999267,0.0,0,1,0,0,1,0,0,0,0,0,0,0,0,0,1,0,0,0,0,0
GBM,TCGA-GBM,TCGA-06-0185,Glioblastoma,0,0.5359730659445217,0.0,0,0,0,0,0,0,0,0,0,0,0,0,0,0,0,0,0,0,0,0
GBM,TCGA-GBM,TCGA-06-0140,Glioblastoma,0,0.961758032642904,0.0,0,0,0,0,0,0,0,0,0,0,0,1,0,1,0,0,0,0,0,0
GBM,TCGA-GBM,TCGA-27-2528,Glioblastoma,0,0.6436360974895703,0.0,0,0,0,0,1,0,0,0,0,0,0,0,0,0,0,0,0,0,0,0
GBM,TCGA-GBM,TCGA-41-4097,Glioblastoma,1,0.6524189416672765,0.0,0,0,0,1,0,0,0,0,1,0,0,0,0,0,0,0,0,0,0,0
GBM,TCGA-GBM,TCGA-14-1823,Glioblastoma,1,0.5894020346922344,0.0,0,0,0,0,0,0,0,0,0,0,0,0,0,0,0,0,0,0,0,0
GBM,TCGA-GBM,TCGA-12-0619,Glioblastoma,0,0.6089804581717047,0.0,0,1,0,0,1,0,0,0,0,0,0,1,0,0,0,0,0,0,0,0
GBM,TCGA-GBM,TCGA-06-0219,Glioblastoma,0,0.7029202956890874,0.0,0,0,0,0,0,0,0,0,0,0,0,0,0,0,1,0,0,0,0,0
GBM,TCGA-GBM,TCGA-14-1456,Glioblastoma,0,0.12592402839786287,0.0,1,1,1,0,1,0,0,0,0,1,0,0,0,0,0,0,0,0,0,0
GBM,TCGA-GBM,TCGA-06-0192,Glioblastoma,0,0.584242113737832,0.0,0,0,0,1,0,0,0,0,1,0,0,0,0,0,0,0,1,0,0,0
GBM,TCGA-GBM,TCGA-02-2486,Glioblastoma,0,0.6628851643123763,0.0,0,0,0,0,0,0,0,0,0,0,0,0,0,0,1,0,0,0,0,0
GBM,TCGA-GBM,TCGA-16-0861,Glioblastoma,0,0.6769377149967064,0.0,0,0,0,1,0,0,0,0,0,0,0,0,0,0,0,0,0,0,0,0
GBM,TCGA-GBM,TCGA-06-0875,Glioblastoma,1,0.6233257703286248,0.0,0,1,0,1,0,0,1,0,0,0,0,0,0,0,0,0,0,0,0,0
GBM,TCGA-GBM,TCGA-06-0879,Glioblastoma,0,0.507831369391788,0.0,0,0,0,0,1,0,0,1,0,0,0,0,0,0,0,0,0,0,0,0
GBM,TCGA-GBM,TCGA-14-1396,Glioblastoma,1,0.8588889702115201,0.0,0,1,1,0,0,0,1,0,1,1,0,0,0,0,0,0,0,0,0,0
GBM,TCGA-GBM,TCGA-06-0195,Glioblastoma,0,0.6533338212691209,0.0,0,1,0,1,0,0,0,0,0,0,0,1,0,1,0,0,0,0,0,0
GBM,TCGA-GBM,TCGA-28-5218,Glioblastoma,0,0.6520163946424651,0.0,0,0,0,0,0,0,0,0,0,0,0,0,0,0,0,0,0,0,0,0
GBM,TCGA-GBM,TCGA-06-5416,Glioblastoma,1,0.1194466808168046,0.0,0,1,1,0,1,1,1,1,1,1,1,1,0,1,1,1,1,1,1,1
GBM,TCGA-GBM,TCGA-19-2623,Glioblastoma,0,0.6790236404889116,0.0,0,1,0,0,0,0,0,0,0,0,0,1,0,0,0,0,0,0,0,0
GBM,TCGA-GBM,TCGA-02-0003,Glioblastoma,0,0.478116079923882,0.0,0,1,0,0,1,0,0,0,0,1,0,0,0,0,0,0,0,0,0,0
GBM,TCGA-GBM,TCGA-06-0189,Glioblastoma,0,0.5496596647881138,0.0,0,1,0,0,0,0,0,0,0,0,0,0,0,0,0,0,0,0,0,0
GBM,TCGA-GBM,TCGA-76-6286,Glioblastoma,0,0.6182390397423698,0.0,0,1,0,1,0,0,0,1,0,0,0,1,0,0,0,0,0,0,0,0
GBM,TCGA-GBM,TCGA-12-1597,Glioblastoma,1,0.6435629071214228,0.0,0,1,0,1,0,0,0,0,0,0,0,0,0,0,0,0,0,0,0,0
GBM,TCGA-GBM,TCGA-14-1453,Glioblastoma,0,0.7324892044206983,0.0,0,0,1,0,0,0,0,0,0,1,0,0,0,0,0,0,0,0,0,0
GBM,TCGA-GBM,TCGA-19-5960,Glioblastoma,0,0.562211812925419,0.0,0,0,0,0,0,0,0,0,0,0,0,0,0,0,0,0,0,0,0,0
GBM,TCGA-GBM,TCGA-76-4929,Glioblastoma,1,0.8251482104954986,0.0,0,1,0,0,0,0,0,0,0,1,0,0,0,0,0,0,0,0,0,1
GBM,TCGA-GBM,TCGA-76-4925,Glioblastoma,0,0.8317353436287784,0.0,0,1,0,1,0,0,0,0,0,0,0,0,0,0,0,0,0,0,0,0
GBM,TCGA-GBM,TCGA-12-1600,Glioblastoma,0,0.956378540584059,0.0,0,1,0,0,1,0,0,0,0,0,0,1,0,0,0,0,0,0,0,0
GBM,TCGA-GBM,TCGA-19-1789,Glioblastoma,1,0.7319402766595915,0.0,0,0,0,0,1,0,0,0,0,0,0,0,0,0,0,0,0,0,0,0
GBM,TCGA-GBM,TCGA-12-5301,Glioblastoma,0,0.6034545853765645,0.0,0,0,0,0,0,0,0,1,0,0,0,0,0,0,0,0,0,0,0,0
GBM,TCGA-GBM,TCGA-12-1598,Glioblastoma,1,0.821488692088121,0.0,0,1,0,1,0,0,0,0,0,0,0,0,0,1,0,0,0,0,0,0
GBM,TCGA-GBM,TCGA-02-2470,Glioblastoma,0,0.5761179828734537,0.0,0,0,0,1,0,0,0,0,0,0,0,0,0,0,0,0,0,0,0,0
GBM,TCGA-GBM,TCGA-19-1385,Glioblastoma,0,0.7384176242406499,0.0,0,0,0,0,0,0,0,0,1,0,0,0,0,0,0,0,0,0,0,0
GBM,TCGA-GBM,TCGA-06-5858,Glioblastoma,1,0.41670936104808604,0.0,0,1,1,1,0,0,1,0,0,0,0,1,0,0,0,0,0,0,0,0
GBM,TCGA-GBM,TCGA-06-1806,Glioblastoma,0,0.4399107077508599,0.0,0,0,0,0,0,0,0,0,0,0,0,0,0,0,0,0,0,0,0,0
GBM,TCGA-GBM,TCGA-12-0688,Glioblastoma,0,0.7978847983605357,0.0,0,0,0,0,0,0,0,0,0,1,0,0,0,0,0,0,0,0,0,0
GBM,TCGA-GBM,TCGA-12-3652,Glioblastoma,0,0.6089804581717047,0.0,0,0,0,0,1,0,0,0,0,0,0,0,0,0,0,0,0,0,0,0
GBM,TCGA-GBM,TCGA-14-0813,Glioblastoma,0,0.8526311937349045,0.0,0,1,0,1,0,0,0,0,0,0,0,0,0,0,0,0,0,0,0,0
GBM,TCGA-GBM,TCGA-32-1970,Glioblastoma,0,0.5977823318451292,0.0,0,1,0,0,1,0,0,0,0,0,0,1,0,0,0,0,0,0,0,0
GBM,TCGA-GBM,TCGA-06-2570,Glioblastoma,1,0.09759935592476032,0.0,1,1,1,0,0,0,0,1,0,0,0,0,0,0,0,0,0,0,0,0
GBM,TCGA-GBM,TCGA-27-2527,Glioblastoma,0,0.8905438044353362,0.0,0,0,0,0,0,0,0,1,0,0,0,0,0,0,0,0,0,0,0,0
GBM,TCGA-GBM,TCGA-14-0740,Glioblastoma,0,0.7445656151650442,0.0,0,1,0,0,0,0,1,0,0,0,0,0,0,0,0,0,0,0,0,1
GBM,TCGA-GBM,TCGA-02-0055,Glioblastoma,1,0.6411110297884797,0.0,0,1,0,1,0,0,0,0,0,0,0,1,0,0,0,0,0,0,1,0
GBM,TCGA-GBM,TCGA-06-5418,Glioblastoma,1,0.8161457952133497,0.0,0,0,0,1,0,0,0,0,0,0,0,0,0,0,0,0,0,0,0,0
GBM,TCGA-GBM,TCGA-06-6701,Glioblastoma,0,0.6137744272853691,0.0,1,1,1,0,0,0,0,0,0,0,0,0,0,0,0,0,0,0,0,0
GBM,TCGA-GBM,TCGA-19-1390,Glioblastoma,1,0.6508087535680305,0.0,0,1,0,0,0,0,1,0,0,0,0,0,0,1,0,0,0,0,0,1
GBM,TCGA-GBM,TCGA-06-1800,Glioblastoma,0,0.6240576740101003,0.0,0,1,0,1,0,0,1,0,0,0,0,1,0,0,0,0,0,0,0,0
GBM,TCGA-GBM,TCGA-32-4213,Glioblastoma,1,0.4377515918905071,0.0,0,0,0,1,0,0,0,0,0,0,0,1,0,0,0,0,0,0,0,0
GBM,TCGA-GBM,TCGA-06-6694,Glioblastoma,1,0.8280026348532532,0.0,0,1,0,0,0,0,0,0,0,0,0,0,0,0,0,0,0,0,0,0
GBM,TCGA-GBM,TCGA-06-0122,Glioblastoma,1,0.939874112566786,0.0,0,0,0,0,0,0,0,0,0,0,0,0,0,0,0,0,0,0,0,0
GBM,TCGA-GBM,TCGA-12-3651,Glioblastoma,0,0.8414696625924027,0.0,0,0,0,0,0,0,0,1,0,0,0,0,0,0,0,0,0,0,1,0
GBM,TCGA-GBM,TCGA-19-0957,Glioblastoma,1,0.45517089950962447,0.0,0,0,0,1,0,0,0,0,0,0,1,0,0,0,0,0,1,0,0,0
GBM,TCGA-GBM,TCGA-14-0817,Glioblastoma,1,0.7371733879821416,0.0,0,1,0,0,0,0,0,0,0,0,0,0,0,0,0,0,0,0,0,0
GBM,TCGA-GBM,TCGA-19-5958,Glioblastoma,0,0.5558076557125082,0.0,0,0,0,0,0,0,0,0,0,1,0,0,0,0,0,0,0,0,0,0
GBM,TCGA-GBM,TCGA-19-2625,Glioblastoma,1,0.8287711337188026,0.0,0,1,0,1,1,0,1,0,0,0,0,1,0,0,0,0,0,0,0,0
GBM,TCGA-GBM,TCGA-14-1825,Glioblastoma,0,0.7466515406572494,0.0,0,1,0,0,0,0,0,0,0,0,0,0,0,0,0,0,1,0,0,0
GBM,TCGA-GBM,TCGA-27-2521,Glioblastoma,0,0.27128009953890064,0.0,1,1,1,0,0,1,0,0,0,0,0,0,0,0,0,0,0,0,0,0
GBM,TCGA-GBM,TCGA-OX-A56R,Glioblastoma,0,0.7281343775159188,0.3333333333333333,0,0,0,1,1,0,0,0,0,0,0,0,0,0,0,0,0,0,0,0
GBM,TCGA-GBM,TCGA-16-0849,Glioblastoma,0,0.536558588889702,0.0,1,1,1,0,1,0,0,0,0,0,0,0,0,0,0,0,0,0,0,0
GBM,TCGA-GBM,TCGA-76-6657,Glioblastoma,0,0.8072531654834223,0.0,0,0,0,1,0,0,0,0,1,1,0,0,0,0,0,0,0,0,0,0
GBM,TCGA-GBM,TCGA-06-0158,Glioblastoma,0,0.7895045012076409,0.0,0,0,0,0,1,0,0,0,0,0,0,0,0,0,0,0,0,0,0,0
GBM,TCGA-GBM,TCGA-76-6280,Glioblastoma,0,0.5728244163068139,0.0,0,0,0,0,0,0,0,0,0,1,0,0,0,0,0,0,0,0,0,0
GBM,TCGA-GBM,TCGA-28-1747,Glioblastoma,0,0.40349849959745304,0.0,0,0,0,0,1,0,1,0,0,0,0,0,0,0,0,0,1,0,0,0
GBM,TCGA-GBM,TCGA-06-2559,Glioblastoma,0,0.9257117763302347,0.0,0,1,0,1,0,0,0,0,0,0,0,0,0,1,0,0,0,0,0,1
GBM,TCGA-GBM,TCGA-06-0878,Glioblastoma,0,0.8064480714337992,0.0,0,0,0,0,0,0,0,0,0,0,0,0,0,0,0,0,0,0,0,0
GBM,TCGA-GBM,TCGA-06-0166,Glioblastoma,0,0.4986459781892703,0.0,0,0,0,1,0,0,0,1,0,0,0,0,0,1,0,0,0,0,0,0
GBM,TCGA-GBM,TCGA-28-5208,Glioblastoma,0,0.5041352558003367,0.0,0,0,0,0,0,0,0,0,1,0,0,0,0,0,0,0,1,0,0,0
GBM,TCGA-GBM,TCGA-28-1749,Glioblastoma,0,0.7861743394569274,0.0,0,0,0,1,1,0,0,0,0,0,0,0,0,0,0,0,0,0,0,0
GBM,TCGA-GBM,TCGA-19-1387,Glioblastoma,0,0.9005342896874768,0.0,0,0,0,1,0,0,0,0,0,0,0,0,0,0,0,0,0,0,0,0
GBM,TCGA-GBM,TCGA-12-0615,Glioblastoma,1,0.8526677889189782,0.0,0,0,0,0,0,0,0,0,0,0,0,0,0,0,0,0,0,0,0,0
GBM,TCGA-GBM,TCGA-27-1830,Glioblastoma,0,0.5801434531215692,0.0,0,1,0,0,0,0,0,0,0,0,0,0,0,0,0,0,0,0,0,0
GBM,TCGA-GBM,TCGA-06-2561,Glioblastoma,1,0.5206762790016835,0.0,0,0,0,1,1,0,0,0,0,0,0,0,0,0,0,0,0,0,0,0
GBM,TCGA-GBM,TCGA-14-0786,Glioblastoma,1,0.4873014711263998,0.0,0,0,0,0,1,0,0,0,0,0,0,0,0,0,0,0,0,0,0,0
GBM,TCGA-GBM,TCGA-06-A5U1,Glioblastoma,1,0.8512771719241747,0.3333333333333333,0,0,0,0,0,0,0,0,0,0,0,0,0,0,0,0,0,0,0,1
GBM,TCGA-GBM,TCGA-19-5951,Glioblastoma,1,0.8311498206835979,0.0,0,0,0,0,0,0,0,0,0,1,0,0,0,0,0,0,0,0,1,0
GBM,TCGA-GBM,TCGA-76-6191,Glioblastoma,0,0.5730439874112567,0.0,0,0,0,1,1,0,0,0,0,0,0,0,0,0,0,0,1,0,0,0
GBM,TCGA-GBM,TCGA-19-4065,Glioblastoma,0,0.29217594964502663,0.0,0,1,0,1,0,0,0,0,0,0,0,0,0,0,0,0,0,0,0,0
GBM,TCGA-GBM,TCGA-RR-A6KA,Glioblastoma,1,0.7794774207714266,0.3333333333333333,0,0,0,0,0,0,0,1,0,0,0,0,0,0,0,0,0,0,0,0
GBM,TCGA-GBM,TCGA-06-0221,Glioblastoma,0,0.22184000585522945,0.0,1,1,1,0,0,0,0,0,0,0,0,0,0,0,0,0,0,0,0,0
GBM,TCGA-GBM,TCGA-28-2502,Glioblastoma,0,0.6779989753348459,0.0,0,0,0,1,0,0,0,0,1,0,0,0,0,0,0,0,0,0,0,0
GBM,TCGA-GBM,TCGA-06-5859,Glioblastoma,0,0.6562248408109492,0.0,0,0,0,0,0,0,0,0,0,0,0,0,0,0,0,0,0,0,0,0
GBM,TCGA-GBM,TCGA-06-6389,Glioblastoma,1,0.4747127278050209,0.0,1,1,0,0,0,0,0,0,0,0,0,0,0,0,0,0,0,0,0,0
GBM,TCGA-GBM,TCGA-32-2495,Glioblastoma,1,0.6068213423113518,0.0,0,0,0,1,0,0,0,0,0,0,0,0,0,0,0,0,0,0,0,0
GBM,TCGA-GBM,TCGA-06-0743,Glioblastoma,0,0.7375027446388056,0.0,0,1,0,1,1,0,0,0,0,0,0,0,0,0,1,0,0,0,0,0
GBM,TCGA-GBM,TCGA-12-0821,Glioblastoma,0,0.64663690258362,0.0,0,0,0,0,0,0,0,1,0,0,0,0,0,0,0,0,0,0,0,0
GBM,TCGA-GBM,TCGA-28-1755,Glioblastoma,1,0.5118202444558295,0.0,0,0,0,0,0,0,0,0,0,0,0,0,0,0,0,0,0,0,0,0
GBM,TCGA-GBM,TCGA-32-4211,Glioblastoma,0,0.5661274976213131,0.0,0,0,0,1,0,0,0,0,0,0,0,0,0,0,0,0,0,0,0,0
GBM,TCGA-GBM,TCGA-06-2562,Glioblastoma,0,0.8954475591012221,0.0,0,0,0,0,0,0,0,0,1,1,0,0,0,0,0,0,0,0,0,0
GBM,TCGA-GBM,TCGA-32-4209,Glioblastoma,0,0.352375027446388,0.0,0,0,0,0,0,0,0,0,0,0,0,0,0,0,0,0,0,0,0,0
GBM,TCGA-GBM,TCGA-41-3393,Glioblastoma,1,0.9009734318963623,0.0,0,0,0,0,0,0,1,0,0,0,0,0,0,0,0,0,0,0,0,0
GBM,TCGA-GBM,TCGA-76-4932,Glioblastoma,1,0.48148283685866927,0.0,0,0,0,0,0,0,0,0,0,0,0,0,0,0,0,0,0,0,0,0
GBM,TCGA-GBM,TCGA-12-0826,Glioblastoma,1,0.31523091561150557,0.0,0,0,0,0,0,0,0,0,0,0,0,0,0,0,0,0,0,0,0,0
GBM,TCGA-GBM,TCGA-27-2519,Glioblastoma,0,0.4552074946936983,0.0,0,1,0,1,0,0,0,0,0,0,0,0,0,0,0,0,0,0,0,0
GBM,TCGA-GBM,TCGA-RR-A6KB,Glioblastoma,0,0.4917294883993267,0.3333333333333333,0,0,0,0,0,0,0,0,0,1,0,0,0,0,0,0,0,0,0,0
GBM,TCGA-GBM,TCGA-27-1831,Glioblastoma,0,0.7014198931420625,0.0,0,0,0,0,1,0,1,0,0,0,0,0,0,0,0,0,0,0,0,1
GBM,TCGA-GBM,TCGA-06-0644,Glioblastoma,0,0.7672546292907854,0.3333333333333333,0,1,0,1,0,0,0,0,0,0,0,0,0,0,0,0,0,0,0,0
GBM,TCGA-GBM,TCGA-06-2569,Glioblastoma,1,0.13364561223742955,0.3333333333333333,0,1,0,0,0,0,0,0,1,0,0,0,0,0,0,0,0,0,0,0
GBM,TCGA-GBM,TCGA-32-1977,Glioblastoma,1,0.6560052697065066,0.0,0,0,0,1,0,0,0,0,0,0,0,0,0,0,0,0,0,0,0,0
GBM,TCGA-GBM,TCGA-06-0187,Glioblastoma,0,0.7332577032862473,0.0,0,0,0,1,0,0,0,0,0,0,0,0,0,0,0,0,0,0,0,0
GBM,TCGA-GBM,TCGA-26-5136,Glioblastoma,1,0.8494840079045598,0.0,0,1,0,0,0,0,0,1,0,0,0,0,0,0,0,0,0,0,0,0
GBM,TCGA-GBM,TCGA-06-0882,Glioblastoma,0,0.21375247017492494,0.0,0,0,0,1,0,0,0,0,0,0,0,0,0,0,0,0,0,0,0,0
GBM,TCGA-GBM,TCGA-16-0850,Glioblastoma,1,0.5124789577691575,0.0,1,1,0,0,0,0,0,0,0,0,0,0,0,0,0,0,0,0,1,0
GBM,TCGA-GBM,TCGA-32-1976,Glioblastoma,0,0.6776696186781819,0.0,0,0,0,1,0,0,0,0,0,1,0,0,0,0,0,0,0,0,0,0
GBM,TCGA-GBM,TCGA-06-0877,Glioblastoma,0,0.8591451365000364,0.0,0,0,0,0,0,0,0,0,0,1,0,0,0,0,0,0,0,0,0,0
GBM,TCGA-GBM,TCGA-4W-AA9R,Glioblastoma,0,0.6235087462489937,0.3333333333333333,0,1,0,1,0,0,1,0,0,0,0,0,0,0,0,0,0,0,0,0
GBM,TCGA-GBM,TCGA-06-2564,Glioblastoma,0,0.48155602722681695,0.0,0,0,0,0,0,0,0,0,0,0,0,0,0,0,0,0,0,0,0,0
GBM,TCGA-GBM,TCGA-19-1788,Glioblastoma,0,0.33038132181804875,0.0,1,1,1,0,0,0,0,0,0,0,0,0,0,0,0,0,0,0,0,0
GBM,TCGA-GBM,TCGA-12-0707,Glioblastoma,0,0.5437678401522359,0.0,0,1,0,1,1,0,0,0,0,0,0,0,0,0,1,0,0,0,0,0
GBM,TCGA-GBM,TCGA-06-0214,Glioblastoma,0,0.6919051452828806,0.0,0,0,0,0,0,0,1,0,1,0,0,0,0,0,0,0,0,0,0,1
GBM,TCGA-GBM,TCGA-14-0781,Glioblastoma,0,0.46208738929956833,0.3333333333333333,0,0,0,1,0,0,0,0,0,0,0,0,0,0,0,0,0,0,0,0
GBM,TCGA-GBM,TCGA-4W-AA9T,Glioblastoma,1,0.531508453487521,0.3333333333333333,0,0,1,1,1,0,0,0,0,0,0,0,0,0,0,0,0,0,0,0
GBM,TCGA-GBM,TCGA-06-5856,Glioblastoma,0,0.5838395667130205,0.0,0,0,0,0,1,0,0,0,0,0,0,0,0,0,0,0,0,0,0,0
GBM,TCGA-GBM,TCGA-41-6646,Glioblastoma,1,0.7825880114176973,0.0,0,0,0,0,0,0,0,0,1,0,0,0,0,0,0,0,0,0,0,0
GBM,TCGA-GBM,TCGA-06-0145,Glioblastoma,1,0.5263851277171925,0.0,0,0,0,0,0,0,0,0,0,0,0,0,0,0,0,0,0,0,0,0
GBM,TCGA-GBM,TCGA-26-1439,Glioblastoma,0,0.6595550025616628,0.0,0,0,0,0,1,0,0,0,0,0,0,0,0,0,0,0,0,0,0,0
GBM,TCGA-GBM,TCGA-12-1093,Glioblastoma,1,0.6959306155309961,0.0,0,0,0,1,0,0,0,0,0,0,0,0,0,0,0,0,0,0,0,0
GBM,TCGA-GBM,TCGA-14-0736,Glioblastoma,0,0.4736514674668813,0.3333333333333333,0,0,0,1,0,0,0,0,0,0,0,0,0,0,0,0,0,0,0,0
GBM,TCGA-GBM,TCGA-06-0745,Glioblastoma,0,0.6076996267291224,0.0,0,0,0,0,0,0,1,0,0,0,0,0,0,0,0,0,0,0,0,0
GBM,TCGA-GBM,TCGA-14-0789,Glioblastoma,0,0.5406206543218912,0.0,0,0,0,0,1,0,0,0,1,0,0,0,0,0,0,0,0,0,0,0
GBM,TCGA-GBM,TCGA-26-6173,Glioblastoma,0,0.5787528361267655,0.0,0,0,0,0,0,0,0,0,0,0,0,0,0,0,0,0,0,0,0,0
GBM,TCGA-GBM,TCGA-27-1838,Glioblastoma,1,0.6011856839639904,0.0,0,1,0,1,1,0,0,1,0,0,0,0,0,0,0,0,0,0,0,0
GBM,TCGA-GBM,TCGA-76-6663,Glioblastoma,1,0.39709434238454216,0.0,0,0,0,0,0,0,0,0,1,0,0,1,0,0,0,0,0,0,0,0
GBM,TCGA-GBM,TCGA-32-2494,Glioblastoma,1,0.5825953304545122,0.0,0,0,0,0,0,0,0,0,0,0,0,0,0,0,0,0,0,0,0,0
GBM,TCGA-GBM,TCGA-06-2567,Glioblastoma,0,0.6762424064993044,0.0,0,1,0,0,1,0,0,0,0,0,0,0,0,0,1,0,0,0,0,0
GBM,TCGA-GBM,TCGA-41-2572,Glioblastoma,0,0.7035424138183415,0.0,0,0,0,0,0,0,0,1,0,0,0,0,0,0,0,0,0,0,0,0
GBM,TCGA-GBM,TCGA-12-0775,Glioblastoma,1,0.8154504867159482,0.3333333333333333,0,0,0,0,0,0,0,0,0,0,0,0,0,0,0,0,0,0,1,0
GBM,TCGA-GBM,TCGA-41-3392,Glioblastoma,0,0.9904486569567443,0.0,0,0,0,0,0,0,0,0,1,0,0,0,0,0,0,0,0,0,0,0
GBM,TCGA-GBM,TCGA-14-3477,Glioblastoma,1,0.3223669765058919,0.3333333333333333,0,1,0,0,0,0,0,0,0,0,0,0,0,0,0,0,0,0,0,0
GBM,TCGA-GBM,TCGA-06-A6S1,Glioblastoma,1,0.5184073775891092,0.3333333333333333,0,0,0,0,1,0,0,0,0,0,0,0,0,0,0,0,0,0,0,0
GBM,TCGA-GBM,TCGA-12-0692,Glioblastoma,1,0.8137671082485542,0.0,0,0,0,0,0,0,0,0,0,0,0,0,0,0,0,0,0,0,0,0
GBM,TCGA-GBM,TCGA-14-1795,Glioblastoma,0,0.6987850398887507,0.0,0,1,0,1,0,0,0,0,1,0,0,0,0,0,0,0,1,0,0,0
GBM,TCGA-GBM,TCGA-19-1386,Glioblastoma,0,0.4904486569567445,0.0,0,0,0,0,0,0,0,0,0,0,0,0,0,0,0,0,0,0,0,0
GBM,TCGA-GBM,TCGA-19-A6J5,Glioblastoma,0,0.35482690477933093,0.3333333333333333,1,1,1,1,0,0,0,0,0,0,0,0,0,0,0,0,0,0,0,0
GBM,TCGA-GBM,TCGA-06-6699,Glioblastoma,1,0.5823025689819221,0.0,0,0,0,0,0,0,1,0,0,0,0,0,0,0,0,0,0,0,0,0
GBM,TCGA-GBM,TCGA-16-0848,Glioblastoma,0,0.5697870160286906,0.0,0,1,0,1,0,0,0,0,0,0,0,0,0,0,0,0,0,0,0,0
GBM,TCGA-GBM,TCGA-12-0820,Glioblastoma,0,0.35146014784454366,0.0,0,0,0,0,0,0,0,0,0,0,0,0,0,0,0,0,0,0,0,0
GBM,TCGA-GBM,TCGA-14-4157,Glioblastoma,0,0.3491912464319696,0.3333333333333333,1,1,1,0,0,0,0,0,0,0,0,0,0,0,0,0,0,0,0,0
GBM,TCGA-GBM,TCGA-06-0130,Glioblastoma,0,0.5319110005123324,0.0,0,1,0,0,0,0,0,0,0,0,0,1,0,0,0,0,0,0,0,0
GBM,TCGA-GBM,TCGA-02-2485,Glioblastoma,0,0.5202737319768718,0.3333333333333333,0,1,0,0,1,0,1,1,0,0,0,0,0,0,0,0,0,0,0,0
GBM,TCGA-GBM,TCGA-12-5299,Glioblastoma,1,0.5556978701602868,0.0,0,0,0,0,0,0,0,0,0,0,0,0,0,0,0,0,0,0,0,0
GBM,TCGA-GBM,TCGA-12-3646,Glioblastoma,1,0.6066383663909829,0.0,0,0,0,0,0,0,0,0,0,0,0,0,0,0,0,0,0,0,0,0
GBM,TCGA-GBM,TCGA-06-2558,Glioblastoma,1,0.8134743467759642,0.0,0,1,0,1,0,0,0,0,0,0,0,0,0,1,0,0,0,0,0,0
GBM,TCGA-GBM,TCGA-06-2565,Glioblastoma,0,0.5958061919051452,0.6666666666666666,0,0,0,1,1,0,0,0,0,0,0,0,0,0,0,0,0,0,0,0
GBM,TCGA-GBM,TCGA-06-6391,Glioblastoma,1,0.40002195711044425,0.0,0,0,1,0,0,0,0,1,0,0,0,0,0,0,0,0,0,0,0,0
GBM,TCGA-GBM,TCGA-06-0238,Glioblastoma,0,0.430432555075752,0.0,0,1,0,0,0,0,0,0,0,0,0,0,0,0,0,0,0,0,0,0
GBM,TCGA-GBM,TCGA-76-4926,Glioblastoma,0,0.7247310253970578,0.0,0,0,0,0,1,0,0,0,0,0,0,0,0,0,0,0,0,0,0,0
GBM,TCGA-GBM,TCGA-06-A7TL,Glioblastoma,1,0.2205225792285735,0.3333333333333333,1,1,1,0,0,0,0,0,0,0,0,0,0,0,0,0,0,0,0,0
GBM,TCGA-GBM,TCGA-14-0790,Glioblastoma,1,0.6731318158530337,0.0,0,0,0,0,1,0,0,0,0,1,0,0,0,0,0,0,1,0,0,0
GBM,TCGA-GBM,TCGA-12-0616,Glioblastoma,1,0.2992754153553393,0.0,0,0,0,0,1,0,0,0,0,0,0,0,0,0,0,0,0,0,0,0
GBM,TCGA-GBM,TCGA-02-0047,Glioblastoma,0,0.8591085413159627,0.0,0,0,0,0,0,0,0,1,0,0,0,0,0,0,0,0,0,0,0,0
GBM,TCGA-GBM,TCGA-19-5955,Glioblastoma,0,0.9246139208080215,0.0,0,0,0,1,0,0,1,0,0,1,0,0,0,0,0,0,0,0,0,0
GBM,TCGA-GBM,TCGA-14-1827,Glioblastoma,0,0.4959379345678108,0.0,0,0,0,0,1,0,0,0,0,0,0,0,0,0,0,0,0,0,0,0
GBM,TCGA-GBM,TCGA-06-0157,Glioblastoma,1,0.653187440532826,0.0,0,0,0,1,1,0,1,0,0,0,0,0,0,0,0,0,0,0,0,0
GBM,TCGA-GBM,TCGA-06-0168,Glioblastoma,1,0.6037473468491545,0.0,0,0,0,1,0,0,0,0,0,0,0,0,0,0,0,0,0,0,0,0
GBM,TCGA-GBM,TCGA-26-5135,Glioblastoma,1,0.7761106638366391,0.0,0,0,0,0,0,0,0,0,0,0,0,0,0,0,0,0,0,0,0,1
GBM,TCGA-GBM,TCGA-06-6698,Glioblastoma,1,0.5238234648320281,0.0,0,1,0,0,0,0,0,0,1,0,0,1,0,0,0,0,1,0,0,0
GBM,TCGA-GBM,TCGA-26-5134,Glioblastoma,0,0.7988362731464538,0.0,0,0,0,0,0,0,0,0,0,0,0,0,0,0,0,0,0,0,0,1
GBM,TCGA-GBM,TCGA-12-5295,Glioblastoma,1,0.6177998975334846,0.0,0,0,0,0,0,0,1,0,0,0,0,0,0,0,0,0,0,0,0,0
GBM,TCGA-GBM,TCGA-06-0154,Glioblastoma,0,0.5394496084315303,0.0,0,0,0,0,1,0,0,0,0,0,0,0,0,0,0,0,0,0,0,0
GBM,TCGA-GBM,TCGA-12-0691,Glioblastoma,0,0.6491985654687842,0.0,0,1,0,0,1,0,0,0,0,0,0,0,0,0,0,0,0,0,0,0
GBM,TCGA-GBM,TCGA-12-1602,Glioblastoma,0,0.5933543145722024,0.0,0,0,0,0,0,0,0,0,0,0,0,0,0,0,0,0,0,0,0,0
GBM,TCGA-GBM,TCGA-12-0670,Glioblastoma,0,0.6188245626875502,0.0,0,0,0,0,1,0,1,0,0,0,0,0,0,0,0,0,0,0,0,0
GBM,TCGA-GBM,TCGA-28-1757,Glioblastoma,0,0.7651321086145062,0.0,0,0,0,0,1,0,0,1,0,0,0,0,0,0,0,0,0,0,0,0
GBM,TCGA-GBM,TCGA-12-0829,Glioblastoma,0,0.8120105394130133,0.3333333333333333,0,0,0,0,1,0,1,0,0,0,0,0,0,0,0,0,0,0,0,0
GBM,TCGA-GBM,TCGA-06-0749,Glioblastoma,0,0.4865329722608505,0.3333333333333333,0,0,1,1,1,0,1,0,0,0,0,0,0,0,0,0,0,0,0,0
GBM,TCGA-GBM,TCGA-06-5413,Glioblastoma,0,0.7025177486642757,0.0,0,0,0,0,0,0,0,1,0,0,0,0,0,0,0,0,0,0,0,0
GBM,TCGA-GBM,TCGA-06-0646,Glioblastoma,0,0.6218985581497474,0.0,0,0,0,0,0,0,1,0,0,0,0,0,0,0,0,0,0,0,0,0
GBM,TCGA-GBM,TCGA-26-6174,Glioblastoma,1,0.6808168045085266,0.0,0,0,0,1,0,0,0,0,0,1,0,0,0,0,0,0,0,0,0,0
GBM,TCGA-GBM,TCGA-12-0662,Glioblastoma,0,0.4918758691356217,0.0,0,1,0,0,0,0,0,0,0,0,0,0,0,0,0,0,0,0,0,0
GBM,TCGA-GBM,TCGA-28-2514,Glioblastoma,0,0.41945399985361925,0.6666666666666666,0,0,0,0,0,0,0,0,0,0,0,0,0,0,0,0,0,0,0,0
GBM,TCGA-GBM,TCGA-06-0650,Glioblastoma,1,0.33985947449315673,0.0,0,0,0,1,0,0,0,0,0,0,0,0,0,0,0,0,0,0,0,0
GBM,TCGA-GBM,TCGA-76-4931,Glioblastoma,1,0.7513357242186927,0.0,0,0,0,1,1,0,0,0,0,0,0,0,0,0,0,0,0,0,0,0
GBM,TCGA-GBM,TCGA-06-0649,Glioblastoma,1,0.7873087901632145,0.3333333333333333,0,0,0,0,0,0,0,0,0,0,0,0,0,0,0,0,0,0,0,0
GBM,TCGA-GBM,TCGA-06-0241,Glioblastoma,1,0.6887579594525359,0.0,0,1,1,0,0,0,0,0,0,0,0,0,0,0,0,0,0,0,0,0
GBM,TCGA-GBM,TCGA-19-5956,Glioblastoma,1,0.5238234648320281,0.0,0,1,1,1,1,1,1,0,1,1,0,1,0,0,1,0,1,0,1,1
GBM,TCGA-GBM,TCGA-06-0173,Glioblastoma,1,0.7782697796969917,0.0,0,0,0,0,0,0,1,0,0,0,0,0,0,0,0,0,0,0,0,0
GBM,TCGA-GBM,TCGA-02-2466,Glioblastoma,0,0.6286320720193221,0.0,0,0,0,0,1,0,1,0,0,0,0,0,0,0,1,1,0,0,0,0
GBM,TCGA-GBM,TCGA-06-6697,Glioblastoma,0,0.6763887872355998,0.0,0,0,0,0,0,0,0,0,0,0,0,0,0,0,0,0,0,0,0,0
GBM,TCGA-GBM,TCGA-06-0129,Glioblastoma,0,0.22004684183561446,0.6666666666666666,1,1,1,0,0,0,0,0,0,1,0,0,0,0,0,0,0,0,0,0
GBM,TCGA-GBM,TCGA-06-6695,Glioblastoma,0,0.6640562102027372,0.0,0,0,0,0,1,0,0,0,0,1,0,0,0,0,0,0,0,0,0,0
GBM,TCGA-GBM,TCGA-15-1446,Glioblastoma,0,0.551782185464393,0.0,0,0,0,0,0,0,0,0,0,0,0,0,0,0,0,0,0,0,1,0
GBM,TCGA-GBM,TCGA-27-2526,Glioblastoma,1,0.8670862914440458,0.0,0,0,0,1,0,0,1,0,0,0,0,0,0,0,1,0,0,0,0,0
GBM,TCGA-GBM,TCGA-76-6192,Glioblastoma,0,0.8065578569860206,0.0,0,0,0,1,0,0,0,0,0,0,0,0,0,0,0,0,0,0,0,0
GBM,TCGA-GBM,TCGA-27-2523,Glioblastoma,0,0.649747493229891,0.0,0,0,0,0,0,0,1,0,0,0,0,0,0,0,0,0,0,0,0,0
GBM,TCGA-GBM,TCGA-06-0119,Glioblastoma,1,0.8900680670423771,0.0,0,0,0,0,0,0,0,0,1,0,0,0,0,0,0,0,0,0,0,0
GBM,TCGA-GBM,TCGA-27-1835,Glioblastoma,1,0.5184439727731831,0.0,0,1,0,0,0,0,0,0,0,0,0,0,0,0,0,0,0,0,0,0
GBM,TCGA-GBM,TCGA-4W-AA9S,Glioblastoma,0,0.7415648100709946,0.3333333333333333,0,0,0,0,0,0,0,0,1,0,0,0,0,0,0,0,0,0,0,0
GBM,TCGA-GBM,TCGA-19-2629,Glioblastoma,0,0.621313035204567,0.0,1,0,1,0,0,0,0,0,0,1,0,0,0,0,0,0,0,0,0,0
GBM,TCGA-GBM,TCGA-RR-A6KC,Glioblastoma,0,0.5498426407084827,0.3333333333333333,0,0,0,0,1,0,0,1,0,0,0,0,0,0,0,0,0,0,0,0
GBM,TCGA-GBM,TCGA-06-0237,Glioblastoma,1,0.8216716680084899,0.0,0,1,0,0,1,0,0,0,0,0,0,0,0,0,0,0,0,0,0,0
GBM,TCGA-GBM,TCGA-06-0211,Glioblastoma,0,0.44792505306301683,0.0,0,0,0,0,1,0,1,0,0,0,0,0,0,0,0,0,0,0,0,0
GBM,TCGA-GBM,TCGA-76-6283,Glioblastoma,1,0.75828880919271,0.0,0,1,0,1,0,0,0,0,0,0,0,1,0,0,0,0,0,0,0,0
GBM,TCGA-GBM,TCGA-06-0188,Glioblastoma,0,0.7611432335504646,0.0,0,1,0,1,0,0,0,0,0,0,0,0,0,0,0,0,0,0,0,0
GBM,TCGA-GBM,TCGA-32-4208,Glioblastoma,0,0.1442948108028983,0.0,1,1,1,0,0,0,0,0,0,0,0,0,0,0,0,0,0,0,0,0
GBM,TCGA-GBM,TCGA-06-5414,Glioblastoma,0,0.6311937349044865,0.0,0,0,0,0,0,0,0,0,0,0,0,0,0,0,0,0,0,0,0,0
GBM,TCGA-GBM,TCGA-12-3644,Glioblastoma,1,0.44620507941154947,0.0,0,1,0,1,0,0,0,0,0,0,0,1,0,0,0,0,0,0,0,0
GBM,TCGA-GBM,TCGA-87-5896,Glioblastoma,1,0.4799458391275708,0.0,0,0,0,0,0,0,0,0,0,0,0,0,0,1,0,0,0,0,0,0
GBM,TCGA-GBM,TCGA-06-5410,Glioblastoma,1,0.7726341213496304,0.0,0,0,0,0,0,0,0,0,1,0,0,0,0,0,0,0,0,0,0,0
GBM,TCGA-GBM,TCGA-14-1821,Glioblastoma,0,0.22169362511893437,0.0,1,1,1,0,0,0,0,0,0,0,0,0,0,0,0,0,0,0,0,1
GBM,TCGA-GBM,TCGA-06-0126,Glioblastoma,0,0.9639903388714044,0.0,0,0,0,0,0,0,1,0,0,0,0,0,0,0,0,0,0,0,0,0
GBM,TCGA-GBM,TCGA-12-0827,Glioblastoma,1,0.3227695235307034,0.0,1,1,0,0,0,0,0,0,0,0,0,0,0,0,0,0,0,0,0,0
GBM,TCGA-GBM,TCGA-06-0210,Glioblastoma,1,0.7801361340847544,0.0,0,1,0,0,0,0,0,1,1,0,0,0,0,0,0,0,0,0,0,0
GBM,TCGA-GBM,TCGA-06-0213,Glioblastoma,1,0.5436946497840884,0.0,0,0,1,1,0,0,0,0,0,0,0,1,0,0,0,0,0,0,0,0
GBM,TCGA-GBM,TCGA-14-1037,Glioblastoma,1,0.7006513942765131,0.0,0,0,0,0,0,0,0,0,0,0,0,1,0,0,0,0,0,0,0,0
GBM,TCGA-GBM,TCGA-06-0645,Glioblastoma,1,0.5552221327673279,0.0,0,0,0,0,0,0,0,0,0,0,0,0,0,0,0,0,0,0,0,0
GBM,TCGA-GBM,TCGA-06-0171,Glioblastoma,0,0.6881724365073556,0.0,0,0,0,0,0,0,0,1,0,0,0,0,0,0,0,0,0,0,0,0
GBM,TCGA-GBM,TCGA-19-5954,Glioblastoma,1,0.7711703139866792,0.0,0,0,0,0,0,0,1,1,0,0,0,0,0,0,0,0,0,0,0,0
GBM,TCGA-GBM,TCGA-27-1836,Glioblastoma,1,0.24840810949279074,0.0,0,1,0,0,0,0,0,0,0,0,0,0,0,0,0,0,0,0,0,0
GBM,TCGA-GBM,TCGA-19-2621,Glioblastoma,0,0.9201859035350948,0.0,0,0,1,1,1,0,0,0,0,0,0,0,0,0,0,0,0,0,0,0
GBM,TCGA-GBM,TCGA-02-2483,Glioblastoma,0,0.39120251774866427,0.6666666666666666,1,1,1,0,0,0,0,0,0,0,0,0,0,0,0,0,0,0,0,0
GBM,TCGA-GBM,TCGA-32-1986,Glioblastoma,0,0.723852740979287,0.0,0,0,0,0,0,0,0,0,1,0,0,0,0,0,0,0,0,0,0,0
GBM,TCGA-GBM,TCGA-12-1599,Glioblastoma,1,0.4448876527848937,0.0,0,0,0,1,0,0,0,0,1,0,0,0,0,0,0,0,0,0,0,0
GBM,TCGA-GBM,TCGA-06-A6S0,Glioblastoma,0,0.8692820024884722,0.3333333333333333,0,0,0,0,0,0,0,1,0,0,0,0,0,0,0,0,0,0,0,0
GBM,TCGA-GBM,TCGA-14-0865,Glioblastoma,0,0.7142282075678841,0.0,0,0,0,0,0,0,0,0,0,0,0,0,0,0,0,0,0,0,0,1
GBM,TCGA-GBM,TCGA-16-1045,Glioblastoma,1,0.4727731830491107,0.0,0,0,0,1,1,0,0,0,0,0,0,0,0,0,0,0,0,0,0,0
GBM,TCGA-GBM,TCGA-28-5209,Glioblastoma,1,0.6983093024957914,0.0,0,0,0,1,1,0,0,0,0,0,0,0,0,0,0,0,0,0,0,0
GBM,TCGA-GBM,TCGA-19-A6J4,Glioblastoma,0,0.7237429554270658,0.3333333333333333,0,0,0,0,0,0,0,0,0,0,0,0,0,0,0,0,0,0,0,0
GBM,TCGA-GBM,TCGA-19-5947,Glioblastoma,1,0.4370562833931055,0.3333333333333333,0,0,0,0,0,0,0,1,0,0,0,0,0,0,0,0,0,0,0,0
GBM,TCGA-GBM,TCGA-06-0155,Glioblastoma,0,0.630132474566347,0.0,0,0,0,1,1,0,0,0,0,0,0,0,0,0,0,0,0,0,0,0
GBM,TCGA-GBM,TCGA-76-6664,Glioblastoma,1,0.46761326209470827,0.0,0,1,0,1,0,0,1,0,0,0,0,0,0,0,0,0,0,0,0,0
GBM,TCGA-GBM,TCGA-06-0124,Glioblastoma,0,0.7066895996486862,0.0,0,0,0,1,0,0,0,0,1,0,0,0,0,0,0,0,0,0,0,0
GBM,TCGA-GBM,TCGA-06-0151,Glioblastoma,1,0.24460221034911805,0.0,0,0,0,0,0,0,0,0,0,0,0,0,0,0,0,0,0,0,0,0
GBM,TCGA-GBM,TCGA-26-5139,Glioblastoma,1,0.6770840957330015,0.0,0,0,0,0,1,0,0,0,0,1,0,0,0,0,0,0,0,0,1,0
GBM,TCGA-GBM,TCGA-76-4934,Glioblastoma,1,0.6967357095806193,0.0,0,1,0,1,0,0,0,0,0,0,0,0,0,0,0,0,0,0,0,0
GBM,TCGA-GBM,TCGA-06-0141,Glioblastoma,0,0.6457952133499232,0.0,0,0,0,0,0,0,0,0,0,0,0,0,0,0,0,0,0,0,0,0
GBM,TCGA-GBM,TCGA-06-0881,Glioblastoma,0,0.4758105833272341,0.0,0,0,0,1,1,0,0,0,0,0,0,0,0,0,0,0,0,0,0,0
GBM,TCGA-GBM,TCGA-12-3653,Glioblastoma,1,0.26557125082339167,0.0,0,0,0,0,0,0,0,0,0,0,0,0,0,0,0,0,0,0,0,0
GBM,TCGA-GBM,TCGA-28-1751,Glioblastoma,1,0.6225572714630754,0.0,0,0,0,0,0,0,0,0,0,0,0,0,0,0,0,0,0,0,0,0
GBM,TCGA-GBM,TCGA-06-0648,Glioblastoma,0,0.8487886994071578,0.0,0,0,0,0,0,0,0,0,0,0,0,0,0,0,0,0,0,0,0,0
GBM,TCGA-GBM,TCGA-06-0174,Glioblastoma,0,0.5323501427212178,0.0,0,0,0,0,0,0,0,0,0,0,0,0,0,0,0,0,0,0,0,1
GBM,TCGA-GBM,TCGA-19-1389,Glioblastoma,0,0.4897533484593429,0.0,0,0,0,0,0,0,0,0,0,0,0,0,0,0,0,0,0,0,0,0
GBM,TCGA-GBM,TCGA-28-1753,Glioblastoma,0,0.5155895484154285,0.0,0,1,0,1,0,0,0,0,0,0,0,0,0,0,0,0,0,0,0,0
GBM,TCGA-GBM,TCGA-12-3650,Glioblastoma,0,0.4341286686672034,0.0,0,0,0,0,0,0,1,0,0,0,0,0,0,0,0,0,0,0,0,0
GBM,TCGA-GBM,TCGA-14-1395,Glioblastoma,0,0.5108687696699115,0.0,0,0,0,1,1,0,0,0,0,0,0,0,0,0,0,0,0,0,0,0
GBM,TCGA-GBM,TCGA-32-2616,Glioblastoma,1,0.4576227768425675,0.0,0,1,1,1,0,0,0,1,1,0,0,1,0,1,1,1,0,0,0,0
GBM,TCGA-GBM,TCGA-06-5411,Glioblastoma,0,0.49608431530410596,0.0,0,0,0,1,0,0,0,0,0,0,0,0,0,0,0,0,0,0,0,0
GBM,TCGA-GBM,TCGA-28-5215,Glioblastoma,1,0.6370123691722169,0.0,0,1,0,0,0,0,0,0,0,0,0,0,0,0,0,0,0,0,0,0
GBM,TCGA-GBM,TCGA-19-5953,Glioblastoma,0,0.5828149015589548,0.0,0,0,0,1,0,0,0,0,1,0,0,0,0,0,0,0,0,0,0,0
GBM,TCGA-GBM,TCGA-14-1043,Glioblastoma,0,0.6262533850545267,0.0,0,0,0,0,0,0,0,0,1,0,0,0,0,0,0,0,0,0,0,0
GBM,TCGA-GBM,TCGA-06-0128,Glioblastoma,0,0.693003000805094,0.0,1,1,0,0,0,0,0,0,0,0,0,0,0,0,0,0,0,0,0,0
GBM,TCGA-GBM,TCGA-12-1089,Glioblastoma,0,0.6638000439142209,0.0,0,0,0,1,0,0,0,0,0,0,0,0,0,0,0,0,0,0,0,0
GBM,TCGA-GBM,TCGA-27-1834,Glioblastoma,0,0.5595403644880335,0.0,0,0,0,0,0,0,0,0,0,0,0,0,0,0,0,0,0,0,0,0
GBM,TCGA-GBM,TCGA-19-5959,Glioblastoma,1,0.8477640342530921,0.0,0,0,0,1,0,0,0,0,0,0,0,0,0,0,0,0,0,0,0,0
GBM,TCGA-GBM,TCGA-16-0846,Glioblastoma,0,0.9451072238893359,0.0,0,1,0,1,0,0,0,0,0,0,0,0,0,0,0,0,0,0,0,0
GBM,TCGA-GBM,TCGA-28-1746,Glioblastoma,1,0.8423845421942471,0.0,0,1,0,1,0,0,0,0,0,0,0,0,0,0,0,0,0,0,0,0
GBM,TCGA-GBM,TCGA-32-2491,Glioblastoma,0,0.6532972260850471,0.0,0,1,0,0,0,0,1,1,0,0,0,1,0,0,0,0,0,0,0,0
GBM,TCGA-GBM,TCGA-06-2557,Glioblastoma,0,0.8306008929224913,0.3333333333333333,0,0,0,0,0,0,0,0,0,0,0,0,0,0,0,0,0,0,0,0
